Time,ThermostatTargetTemperature,LivingroomTemperature,KitchenTemperature,HallTemperature
0.1,20.5,16.999146,16.999132,16.998758
5,20.5,16.961144,16.960539,16.943542
10,20.5,16.922466,16.921259,16.887427
15,20.5,16.883891,16.882082,16.831542
20,20.5,16.845493,16.843083,16.775996
25,20.5,16.807119,16.804108,16.720565
30,20.5,16.768845,16.765234,16.665361
30.1,20.5,16.768845,16.765234,16.665361
30.2,20.5,16.767316,16.763681,16.663158
35.2,20.5,16.729147,16.724912,16.608189
40.2,20.5,16.691078,16.686244,16.553444
45.2,20.5,16.653032,16.647599,16.498813
50.2,20.5,16.615162,16.609131,16.444515
55.2,20.5,16.577392,16.570762,16.390439
60.1,20.5,16.577392,16.570762,16.390439
60.2,20.5,16.608661,16.610053,16.405473
65.2,20.5,16.639871,16.649268,16.420469
70.2,20.5,16.670999,16.68838,16.435404
75.2,20.5,16.701984,16.727314,16.450248
80.2,20.5,16.73295,16.766224,16.465062
85.2,20.5,16.763834,16.805034,16.479814
90.1,20.5,16.763834,16.805034,16.479814
90.2,20.5,16.794638,16.843742,16.494507
95.2,20.5,16.82536,16.882351,16.509139
100.2,20.5,16.856003,16.920859,16.523712
105.2,20.5,16.886565,16.959267,16.538225
110.2,20.5,16.917047,16.997576,16.552679
115.2,20.5,16.947449,17.035785,16.567074
120.1,20.5,16.947449,17.035785,16.567074
120.2,20.5,16.977771,17.073896,16.58141
125.2,20.5,17.008014,17.111907,16.595687
130.2,20.5,17.038178,17.14982,16.609906
135.2,20.5,17.068262,17.187634,16.624067
140.2,20.5,17.098268,17.22535,16.63817
145.2,20.5,17.128195,17.262969,16.652216
150.1,20.5,17.128195,17.262969,16.652216
150.2,20.5,17.158044,17.30049,16.666204
155.2,20.5,17.187815,17.337913,16.680135
160.2,20.5,17.217567,17.375314,16.694037
165.2,20.5,17.247181,17.412544,16.707855
170.2,20.5,17.276718,17.449676,16.721616
175.2,20.5,17.306178,17.486713,16.735321
180.1,20.5,17.306178,17.486713,16.735321
180.2,20.5,17.335561,17.523653,16.748969
185.2,20.5,17.364866,17.560498,16.762563
190.2,20.5,17.394095,17.597247,16.7761
195.2,20.5,17.423247,17.633901,16.789582
200.2,20.5,17.452323,17.67046,16.80301
205.2,20.5,17.481322,17.706923,16.816382
210.1,20.5,17.481322,17.706923,16.816382
210.2,20.5,17.510246,17.743293,16.8297
215.2,20.5,17.539093,17.779568,16.842963
220.2,20.5,17.567866,17.815748,16.856172
225.2,20.5,17.596562,17.851835,16.869327
230.2,20.5,17.625184,17.887829,16.882429
235.2,20.5,17.65373,17.923729,16.895477
240.1,20.5,17.65373,17.923729,16.895477
240.2,20.5,17.682202,17.959535,16.908471
245.2,20.5,17.7106,17.995249,16.921413
250.2,20.5,17.738922,18.030871,16.934302
255.2,20.5,17.767171,18.0664,16.947138
260.2,20.5,17.795345,18.101836,16.959921
265.2,20.5,17.823446,18.137181,16.972653
270.1,20.5,17.823446,18.137181,16.972653
270.2,20.5,17.851473,18.172434,16.985332
275.2,20.5,17.879427,18.207596,16.99796
280.2,20.5,17.907307,18.242666,17.010536
285.2,20.5,17.935115,18.277646,17.023061
290.2,20.5,17.962849,18.312535,17.035534
295.2,20.5,17.990511,18.347333,17.047957
300.1,20.5,17.990511,18.347333,17.047957
300.2,20.5,17.94916,18.304482,16.991438
305.2,20.5,17.907894,18.261716,16.935128
310.2,20.5,17.866736,18.219061,16.879048
315.2,20.5,17.825686,18.176516,16.823196
320.2,20.5,17.784744,18.134082,16.767573
325.2,20.5,17.743908,18.091758,16.712177
330.1,20.5,17.743908,18.091758,16.712177
330.2,20.5,17.70318,18.049544,16.657008
335.2,20.5,17.662559,18.007439,16.602063
340.2,20.5,17.622044,17.965444,16.547343
345.2,20.5,17.581635,17.923557,16.492847
350.2,20.5,17.541332,17.881779,16.438573
355.2,20.5,17.501135,17.84011,16.384521
360.1,20.5,17.501135,17.84011,16.384521
360.2,20.5,17.461043,17.798549,16.330689
365.2,20.5,17.421056,17.757095,16.277078
370.2,20.5,17.381173,17.715749,16.223685
375.2,20.5,17.341396,17.67451,16.170511
380.2,20.5,17.301722,17.633378,16.117554
385.2,20.5,17.262153,17.592353,16.064813
390.1,20.5,17.262153,17.592353,16.064813
390.2,20.5,17.222687,17.551434,16.012287
395.2,20.5,17.183324,17.510622,15.959976
400.2,20.5,17.144065,17.469915,15.907879
405.2,20.5,17.104909,17.429314,15.855994
410.2,20.5,17.065855,17.388818,15.804322
415.2,20.5,17.026903,17.348428,15.75286
420.1,20.5,17.026903,17.348428,15.75286
420.2,20.5,16.988054,17.308142,15.701609
425.2,20.5,16.949306,17.26796,15.650567
430.2,20.5,16.91066,17.227883,15.599733
435.2,20.5,16.872115,17.18791,15.549107
440.2,20.5,16.833671,17.14804,15.498688
445.2,20.5,16.795328,17.108274,15.448475
450.1,20.5,16.795328,17.108274,15.448475
450.2,20.5,16.757085,17.068611,15.398467
455.2,20.5,16.718943,17.029051,15.348663
460.2,20.5,16.6809,16.989593,15.299063
465.2,20.5,16.642958,16.950238,15.249665
470.2,20.5,16.605114,16.910985,15.200469
475.2,20.5,16.56737,16.871834,15.151474
480.1,20.5,16.56737,16.871834,15.151474
480.2,20.5,16.598665,16.910344,15.171569
485.2,20.5,16.629901,16.948779,15.191605
490.2,20.5,16.661056,16.987115,15.211559
495.2,20.5,16.692129,17.025352,15.231431
500.2,20.5,16.72312,17.063489,15.251223
505.2,20.5,16.75403,17.101527,15.270934
510.1,20.5,16.75403,17.101527,15.270934
510.2,20.5,16.78486,17.139467,15.290564
515.2,20.5,16.815608,17.177308,15.310114
520.2,20.5,16.846276,17.215051,15.329584
525.2,20.5,16.876863,17.252696,15.348974
530.2,20.5,16.907371,17.290244,15.368286
535.2,20.5,16.937798,17.327694,15.387518
540.1,20.5,16.937798,17.327694,15.387518
540.2,20.5,16.968146,17.365047,15.406672
545.2,20.5,16.998414,17.402303,15.425748
550.2,20.5,17.028603,17.439462,15.444746
555.2,20.5,17.058713,17.476526,15.463666
560.2,20.5,17.088743,17.513492,15.482509
565.2,20.5,17.118696,17.550363,15.501275
570.1,20.5,17.118696,17.550363,15.501275
570.2,20.5,17.148569,17.587139,15.519964
575.2,20.5,17.178365,17.623819,15.538577
580.2,20.5,17.208082,17.660404,15.557114
585.2,20.5,17.237722,17.696893,15.575575
590.2,20.5,17.267283,17.733289,15.593961
595.2,20.5,17.296768,17.76959,15.612271
600.1,20.5,17.296768,17.76959,15.612271
600.2,20.5,17.326175,17.805796,15.630507
605.2,20.5,17.355505,17.841909,15.648669
610.2,20.5,17.384758,17.877928,15.666756
615.2,20.5,17.413935,17.913854,15.684769
620.2,20.5,17.443035,17.949686,15.702709
625.2,20.5,17.472059,17.985426,15.720576
630.1,20.5,17.472059,17.985426,15.720576
630.2,20.5,17.501006,18.021072,15.738369
635.2,20.5,17.529878,18.056627,15.75609
640.2,20.5,17.558675,18.092089,15.773739
645.2,20.5,17.587396,18.127459,15.791315
650.2,20.5,17.616041,18.162737,15.80882
655.2,20.5,17.644612,18.197924,15.826253
660.1,20.5,17.644612,18.197924,15.826253
660.2,20.5,17.673108,18.23302,15.843615
665.2,20.5,17.701529,18.268024,15.860906
670.2,20.5,17.729875,18.302938,15.878126
675.2,20.5,17.758147,18.337761,15.895276
680.2,20.5,17.786346,18.372494,15.912356
685.2,20.5,17.81447,18.407137,15.929366
690.1,20.5,17.81447,18.407137,15.929366
690.2,20.5,17.842521,18.44169,15.946307
695.2,20.5,17.870498,18.476153,15.963179
700.2,20.5,17.898402,18.510527,15.979981
705.2,20.5,17.926232,18.544811,15.996715
710.2,20.5,17.95399,18.579007,16.013381
715.2,20.5,17.981675,18.613114,16.029979
720.1,20.5,17.981675,18.613114,16.029979
720.2,20.5,18.009288,18.647133,16.046508
725.2,20.5,18.036828,18.681063,16.062971
730.2,20.5,18.064296,18.714905,16.079366
735.2,20.5,18.091692,18.74866,16.095694
740.2,20.5,18.119016,18.782327,16.111955
745.2,20.5,18.146269,18.815906,16.12815
750.1,20.5,18.146269,18.815906,16.12815
750.2,20.5,18.17345,18.849399,16.144279
755.2,20.5,18.20056,18.882804,16.160342
760.2,20.5,18.227599,18.916123,16.176339
765.2,20.5,18.254567,18.949356,16.192271
770.2,20.5,18.281465,18.982502,16.208138
775.2,20.5,18.308292,19.015563,16.22394
780.1,20.5,18.308292,19.015563,16.22394
780.2,20.5,18.335048,19.048537,16.239678
785.2,20.5,18.361735,19.081426,16.255351
790.2,20.5,18.388352,19.11423,16.27096
795.2,20.5,18.414899,19.146949,16.286506
800.2,20.5,18.441376,19.179582,16.301988
805.2,20.5,18.467784,19.212131,16.317407
810.1,20.5,18.467784,19.212131,16.317407
810.2,20.5,18.494123,19.244596,16.332762
815.2,20.5,18.520393,19.276977,16.348055
820.2,20.5,18.546594,19.309273,16.363286
825.2,20.5,18.572726,19.341486,16.378454
830.2,20.5,18.59879,19.373615,16.393561
835.2,20.5,18.624785,19.405661,16.408606
840.1,20.5,18.624785,19.405661,16.408606
840.2,20.5,18.650713,19.437623,16.423589
845.2,20.5,18.676572,19.469503,16.438511
850.2,20.5,18.702364,19.5013,16.453372
855.2,20.5,18.728088,19.533015,16.468173
860.2,20.5,18.753745,19.564647,16.482913
865.2,20.5,18.779335,19.596197,16.497592
870.1,20.5,18.779335,19.596197,16.497592
870.2,20.5,18.804857,19.627666,16.512212
875.2,20.5,18.830313,19.659052,16.526772
880.2,20.5,18.855702,19.690358,16.541273
885.2,20.5,18.881024,19.721582,16.555714
890.2,20.5,18.90628,19.752725,16.570097
895.2,20.5,18.93147,19.783787,16.58442
900.1,20.5,18.93147,19.783787,16.58442
900.2,20.5,18.956594,19.814769,16.598686
905.2,20.5,18.981652,19.845671,16.612893
910.2,20.5,19.006644,19.876492,16.627041
915.2,20.5,19.031571,19.907233,16.641132
920.2,20.5,19.056433,19.937895,16.655166
925.2,20.5,19.081229,19.968477,16.669142
930.1,20.5,19.081229,19.968477,16.669142
930.2,20.5,19.105961,19.998979,16.683061
935.2,20.5,19.130627,20.029403,16.696924
940.2,20.5,19.155229,20.059748,16.710729
945.2,20.5,19.179767,20.090014,16.724479
950.2,20.5,19.20424,20.120201,16.738172
955.2,20.5,19.228649,20.15031,16.751809
960.1,20.5,19.228649,20.15031,16.751809
960.2,20.5,19.252995,20.180341,16.76539
965.2,20.5,19.277276,20.210294,16.778916
970.2,20.5,19.301494,20.24017,16.792387
975.2,20.5,19.325648,20.269968,16.805803
980.2,20.5,19.349739,20.299688,16.819164
985.2,20.5,19.373767,20.329332,16.83247
990.1,20.5,19.373767,20.329332,16.83247
990.2,20.5,19.397732,20.358898,16.845722
995.2,20.5,19.421634,20.388388,16.85892
1000.2,20.5,19.445474,20.417802,16.872064
1005.2,20.5,19.469251,20.447139,16.885154
1010.2,20.5,19.492966,20.4764,16.898191
1015.2,20.5,19.516618,20.505585,16.911175
1020.1,20.5,19.516618,20.505585,16.911175
1020.2,20.5,19.540209,20.534694,16.924105
1025.2,20.5,19.563738,20.563728,16.936983
1030.2,20.5,19.587205,20.592687,16.949808
1035.2,20.5,19.610611,20.62157,16.962581
1040.2,20.5,19.633955,20.650379,16.975301
1045.2,20.5,19.657238,20.679113,16.98797
1050.1,20.5,19.657238,20.679113,16.98797
1050.2,20.5,19.68046,20.707772,17.000587
1055.2,20.5,19.703622,20.736357,17.013152
1060.2,20.5,19.726722,20.764868,17.025666
1065.2,20.5,19.749763,20.793305,17.038129
1070.2,20.5,19.772742,20.821668,17.050541
1075.2,20.5,19.795662,20.849957,17.062902
1080.1,20.5,19.795662,20.849957,17.062902
1080.2,20.5,19.818521,20.878173,17.075213
1085.2,20.5,19.841321,20.906316,17.087474
1090.2,20.5,19.864061,20.934386,17.099684
1095.2,20.5,19.886741,20.962383,17.111845
1100.2,20.5,19.909362,20.990308,17.123956
1105.2,20.5,19.931924,21.01816,17.136017
1110.1,20.5,19.931924,21.01816,17.136017
1110.2,20.5,19.954426,21.04594,17.148029
1115.2,20.5,19.97687,21.073647,17.159992
1120.2,20.5,19.999254,21.101283,17.171906
1125.2,20.5,20.02158,21.128847,17.183772
1130.2,20.5,20.043848,21.15634,17.195589
1135.2,20.5,20.066057,21.183761,17.207358
1140.1,20.5,20.066057,21.183761,17.207358
1140.2,20.5,20.088208,21.211112,17.219079
1145.2,20.5,20.110301,21.238391,17.230752
1150.2,20.5,20.132336,21.265599,17.242377
1155.2,20.5,20.154314,21.292737,17.253955
1160.2,20.5,20.176233,21.319805,17.265485
1165.2,20.5,20.198096,21.346802,17.276968
1170.1,20.5,20.198096,21.346802,17.276968
1170.2,20.5,20.219901,21.373729,17.288405
1175.2,20.5,20.241649,21.400587,17.299795
1180.2,20.5,20.26334,21.427374,17.311138
1185.2,20.5,20.284974,21.454093,17.322435
1190.2,20.5,20.306551,21.480742,17.333685
1195.2,20.5,20.328072,21.507322,17.34489
1200.1,20.5,20.328072,21.507322,17.34489
1200.2,20.5,20.349537,21.533832,17.356049
1205.2,20.5,20.370945,21.560275,17.367163
1210.2,20.5,20.392297,21.586648,17.378231
1215.2,20.5,20.413593,21.612953,17.389254
1220.2,20.5,20.434834,21.63919,17.400231
1225.2,20.5,20.456018,21.665359,17.411164
1230.1,20.5,20.456018,21.665359,17.411164
1230.2,20.5,20.477148,21.69146,17.422053
1235.2,20.5,20.498222,21.717493,17.432897
1240.2,20.5,20.51924,21.743459,17.443696
1245.2,20.5,20.540204,21.769357,17.454452
1250.2,20.5,20.561112,21.795188,17.465163
1255.2,20.5,20.581966,21.820952,17.475831
1260.1,20.5,20.581966,21.820952,17.475831
1260.2,20.5,20.602766,21.84665,17.486455
1265.2,20.5,20.62351,21.87228,17.497036
1270.2,20.5,20.644201,21.897844,17.507573
1275.2,20.5,20.664837,21.923342,17.518068
1280.2,20.5,20.685419,21.948774,17.52852
1285.2,20.5,20.705947,21.97414,17.538929
1290.1,20.5,20.705947,21.97414,17.538929
1290.2,20.5,20.726422,21.99944,17.549295
1295.2,20.5,20.746842,22.024674,17.559619
1300.2,20.5,20.76721,22.049843,17.569901
1305.2,20.5,20.787523,22.074946,17.580141
1310.2,20.5,20.807784,22.099985,17.590339
1315.2,20.5,20.827992,22.124958,17.600496
1320.1,20.5,20.827992,22.124958,17.600496
1320.2,20.5,20.848146,22.149867,17.610611
1325.2,20.5,20.868248,22.174711,17.620684
1330.2,20.5,20.888297,22.199491,17.630717
1335.2,20.5,20.908294,22.224206,17.640709
1340.2,20.5,20.928238,22.248857,17.650659
1345.2,20.5,20.94813,22.273445,17.660569
1350.1,20.5,20.94813,22.273445,17.660569
1350.2,20.5,20.899029,22.220409,17.601549
1355.2,20.5,20.850034,22.167485,17.542747
1360.2,20.5,20.801167,22.114698,17.484184
1365.2,20.5,20.752428,22.062048,17.425861
1370.2,20.5,20.703817,22.009535,17.367777
1375.2,20.5,20.655333,21.957158,17.309929
1380.1,20.5,20.655333,21.957158,17.309929
1380.2,20.5,20.606977,21.904917,17.252318
1385.2,20.5,20.558747,21.852811,17.194942
1390.2,20.5,20.510643,21.800841,17.1378
1395.2,20.5,20.462666,21.749005,17.080892
1400.2,20.5,20.414814,21.697304,17.024216
1405.2,20.5,20.367087,21.645737,16.967772
1410.1,20.5,20.367087,21.645737,16.967772
1410.2,20.5,20.319486,21.594304,16.911559
1415.2,20.5,20.272009,21.543004,16.855574
1420.2,20.5,20.224657,21.491837,16.799819
1425.2,20.5,20.177429,21.440803,16.744291
1430.2,20.5,20.130324,21.389901,16.68899
1435.2,20.5,20.083343,21.339131,16.633915
1440.1,20.5,20.083343,21.339131,16.633915
1440.2,20.5,20.036485,21.288493,16.579065
1445.2,20.5,19.98975,21.237987,16.524439
1450.2,20.5,19.943137,21.187611,16.470037
1455.2,20.5,19.896647,21.137366,16.415856
1460.2,20.5,19.850278,21.087252,16.361896
1465.2,20.5,19.804031,21.037267,16.308157
1470.1,20.5,19.804031,21.037267,16.308157
1470.2,20.5,19.757905,20.987412,16.254638
1475.2,20.5,19.711899,20.937687,16.201337
1480.2,20.5,19.666015,20.88809,16.148254
1485.2,20.5,19.62025,20.838622,16.095388
1490.2,20.5,19.574606,20.789282,16.042737
1495.2,20.5,19.529081,20.740071,15.990302
1500.1,20.5,19.529081,20.740071,15.990302
1500.2,20.5,19.552616,20.768546,16.006971
1505.2,20.5,19.576112,20.796973,16.023594
1510.2,20.5,19.599547,20.825327,16.04015
1515.2,20.5,19.62292,20.853607,16.056639
1520.2,20.5,19.646232,20.881814,16.07306
1525.2,20.5,19.669484,20.909947,16.089413
1530.1,20.5,19.669484,20.909947,16.089413
1530.2,20.5,19.692674,20.938008,16.1057
1535.2,20.5,19.715803,20.965995,16.121921
1540.2,20.5,19.738872,20.99391,16.138075
1545.2,20.5,19.76188,21.021753,16.154163
1550.2,20.5,19.784828,21.049523,16.170186
1555.2,20.5,19.807716,21.077222,16.186143
1560.1,20.5,19.807716,21.077222,16.186143
1560.2,20.5,19.830544,21.104848,16.202035
1565.2,20.5,19.853312,21.132403,16.217862
1570.2,20.5,19.876021,21.159887,16.233624
1575.2,20.5,19.898669,21.187299,16.249322
1580.2,20.5,19.921259,21.21464,16.264956
1585.2,20.5,19.94379,21.24191,16.280526
1590.1,20.5,19.94379,21.24191,16.280526
1590.2,20.5,19.966261,21.269109,16.296033
1595.2,20.5,19.988673,21.296238,16.311476
1600.2,20.5,20.011027,21.323297,16.326856
1605.2,20.5,20.033322,21.350285,16.342173
1610.2,20.5,20.055559,21.377203,16.357428
1615.2,20.5,20.077738,21.404052,16.37262
1620.1,20.5,20.077738,21.404052,16.37262
1620.2,20.5,20.099858,21.43083,16.38775
1625.2,20.5,20.121921,21.45754,16.402819
1630.2,20.5,20.143925,21.48418,16.417826
1635.2,20.5,20.165872,21.510751,16.432771
1640.2,20.5,20.187762,21.537253,16.447656
1645.2,20.5,20.209594,21.563686,16.46248
1650.1,20.5,20.209594,21.563686,16.46248
1650.2,20.5,20.231369,21.590051,16.477243
1655.2,20.5,20.253087,21.616347,16.491946
1660.2,20.5,20.274748,21.642575,16.506589
1665.2,20.5,20.296352,21.668735,16.521172
1670.2,20.5,20.317899,21.694827,16.535695
1675.2,20.5,20.339391,21.720852,16.55016
1680.1,20.5,20.339391,21.720852,16.55016
1680.2,20.5,20.360825,21.746809,16.564565
1685.2,20.5,20.382204,21.772698,16.578911
1690.2,20.5,20.403527,21.798521,16.593199
1695.2,20.5,20.424794,21.824276,16.607428
1700.2,20.5,20.446005,21.849965,16.621599
1705.2,20.5,20.46716,21.875587,16.635712
1710.1,20.5,20.46716,21.875587,16.635712
1710.2,20.5,20.48826,21.901143,16.649768
1715.2,20.5,20.509305,21.926632,16.663766
1720.2,20.5,20.530295,21.952055,16.677707
1725.2,20.5,20.551229,21.977412,16.691592
1730.2,20.5,20.572109,22.002704,16.705419
1735.2,20.5,20.592934,22.02793,16.71919
1740.1,20.5,20.592934,22.02793,16.71919
1740.2,20.5,20.613705,22.05309,16.732905
1745.2,20.5,20.634421,22.078185,16.746563
1750.2,20.5,20.655082,22.103215,16.760166
1755.2,20.5,20.67569,22.12818,16.773714
1760.2,20.5,20.696244,22.153081,16.787206
1765.2,20.5,20.716744,22.177916,16.800642
1770.1,20.5,20.716744,22.177916,16.800642
1770.2,20.5,20.73719,22.202688,16.814024
1775.2,20.5,20.757582,22.227395,16.827352
1780.2,20.5,20.777921,22.252038,16.840625
1785.2,20.5,20.798207,22.276617,16.853843
1790.2,20.5,20.81844,22.301132,16.867008
1795.2,20.5,20.838619,22.325584,16.880119
1800.1,20.5,20.838619,22.325584,16.880119
1800.2,20.5,20.858746,22.349972,16.893176
1805.2,20.5,20.87882,22.374297,16.906181
1810.2,20.5,20.898841,22.398559,16.919131
1815.2,20.5,20.91881,22.422758,16.932029
1820.2,20.5,20.938727,22.446894,16.944875
1825.2,20.5,20.958592,22.470968,16.957668
1830.1,20.5,20.958592,22.470968,16.957668
1830.2,20.5,20.978404,22.494979,16.970408
1835.2,20.5,20.998164,22.518928,16.983097
1840.2,20.5,21.017873,22.542815,16.995734
1845.2,20.5,21.03753,22.566639,17.008319
1850.2,20.5,21.057136,22.590402,17.020853
1855.2,20.5,21.07669,22.614104,17.033335
1860.1,20.5,21.07669,22.614104,17.033335
1860.2,20.5,21.096193,22.637744,17.045767
1865.2,20.5,21.115645,22.661322,17.058148
1870.2,20.5,21.135046,22.684839,17.070478
1875.2,20.5,21.154396,22.708296,17.082758
1880.2,20.5,21.173695,22.731691,17.094987
1885.2,20.5,21.192944,22.755026,17.107167
1890.1,20.5,21.192944,22.755026,17.107167
1890.2,20.5,21.212142,22.7783,17.119297
1895.2,20.5,21.23129,22.801514,17.131378
1900.2,20.5,21.250388,22.824668,17.143409
1905.2,20.5,21.269436,22.847762,17.155391
1910.2,20.5,21.288434,22.870795,17.167324
1915.2,20.5,21.307382,22.893769,17.179208
1920.1,20.5,21.307382,22.893769,17.179208
1920.2,20.5,21.326281,22.916684,17.191044
1925.2,20.5,21.34513,22.939539,17.202831
1930.2,20.5,21.363929,22.962334,17.21457
1935.2,20.5,21.38268,22.985071,17.226262
1940.2,20.5,21.401381,23.007749,17.237905
1945.2,20.5,21.420033,23.030367,17.249501
1950.1,20.5,21.420033,23.030367,17.249501
1950.2,20.5,21.438636,23.052927,17.26105
1955.2,20.5,21.457191,23.075429,17.272551
1960.2,20.5,21.475697,23.097872,17.284006
1965.2,20.5,21.494154,23.120257,17.295414
1970.2,20.5,21.512563,23.142584,17.306775
1975.2,20.5,21.530924,23.164853,17.318089
1980.1,20.5,21.530924,23.164853,17.318089
1980.2,20.5,21.549237,23.187064,17.329358
1985.2,20.5,21.567502,23.209218,17.34058
1990.2,20.5,21.585719,23.231314,17.351757
1995.2,20.5,21.603888,23.253353,17.362888
2000.2,20.5,21.62201,23.275334,17.373973
2005.2,20.5,21.640084,23.297259,17.385014
2010.1,20.5,21.640084,23.297259,17.385014
2010.2,20.5,21.658111,23.319126,17.396009
2015.2,20.5,21.67609,23.340937,17.406959
2020.2,20.5,21.694022,23.362692,17.417865
2025.2,20.5,21.711908,23.38439,17.428726
2030.2,20.5,21.729746,23.406032,17.439542
2035.2,20.5,21.747538,23.427617,17.450315
2040.1,20.5,21.747538,23.427617,17.450315
2040.2,20.5,21.765284,23.449147,17.461043
2045.2,20.5,21.782982,23.47062,17.471728
2050.2,20.5,21.800635,23.492038,17.482369
2055.2,20.5,21.818241,23.513401,17.492966
2060.2,20.5,21.835801,23.534708,17.50352
2065.2,20.5,21.853315,23.55596,17.514031
2070.1,20.5,21.853315,23.55596,17.514031
2070.2,20.5,21.870783,23.577156,17.524499
2075.2,20.5,21.888205,23.598298,17.534925
2080.2,20.5,21.905581,23.619385,17.545308
2085.2,20.5,21.922913,23.640417,17.555648
2090.2,20.5,21.940198,23.661395,17.565946
2095.2,20.5,21.957439,23.682318,17.576202
2100.1,20.5,21.957439,23.682318,17.576202
2100.2,20.5,21.974634,23.703187,17.586417
2105.2,20.5,21.991784,23.724001,17.596589
2110.2,20.5,22.008889,23.744762,17.60672
2115.2,20.5,22.02595,23.765469,17.61681
2120.2,20.5,22.042965,23.786122,17.626858
2125.2,20.5,22.059937,23.806722,17.636865
2130.1,20.5,22.059937,23.806722,17.636865
2130.2,20.5,22.076829,23.827227,17.646812
2135.2,20.5,22.093712,23.84772,17.656738
2140.2,20.5,22.11055,23.86816,17.666623
2145.2,20.5,22.127344,23.888546,17.676468
2150.2,20.5,22.144094,23.90888,17.686273
2155.2,20.5,22.1608,23.929162,17.696037
2160.1,20.5,22.1608,23.929162,17.696037
2160.2,20.5,22.108522,23.871831,17.636872
2165.2,20.5,22.056358,23.814623,17.577925
2170.2,20.5,22.00433,23.757563,17.519219
2175.2,20.5,21.952439,23.700652,17.460753
2180.2,20.5,21.900683,23.643888,17.402526
2185.2,20.5,21.849064,23.587272,17.344537
2190.1,20.5,21.849064,23.587272,17.344537
2190.2,20.5,21.797579,23.530802,17.286784
2195.2,20.5,21.746229,23.474479,17.229267
2200.2,20.5,21.695014,23.418301,17.171985
2205.2,20.5,21.643934,23.36227,17.114938
2210.2,20.5,21.592987,23.306384,17.058123
2215.2,20.5,21.542173,23.250643,17.00154
2220.1,20.5,21.542173,23.250643,17.00154
2220.2,20.5,21.491493,23.195046,16.945189
2225.2,20.5,21.440945,23.139594,16.889067
2230.2,20.5,21.39053,23.084286,16.833175
2235.2,20.5,21.340247,23.029121,16.777511
2240.2,20.5,21.290096,22.974099,16.722074
2245.2,20.5,21.240076,22.91922,16.666864
2250.1,20.5,21.240076,22.91922,16.666864
2250.2,20.5,21.190187,22.864483,16.61188
2255.2,20.5,21.140429,22.809888,16.55712
2260.2,20.5,21.090801,22.755435,16.502583
2265.2,20.5,21.041304,22.701123,16.44827
2270.2,20.5,20.991936,22.646952,16.394178
2275.2,20.5,20.942697,22.592922,16.340307
2280.1,20.5,20.942697,22.592922,16.340307
2280.2,20.5,20.893587,22.539031,16.286656
2285.2,20.5,20.844606,22.485281,16.233225
2290.2,20.5,20.795754,22.43167,16.180011
2295.2,20.5,20.747029,22.378198,16.127015
2300.2,20.5,20.698432,22.324864,16.074235
2305.2,20.5,20.649963,22.271669,16.021671
2310.1,20.5,20.649963,22.271669,16.021671
2310.2,20.5,20.60162,22.218612,15.969322
2315.2,20.5,20.553404,22.165693,15.917187
2320.2,20.5,20.505314,22.112911,15.865264
2325.2,20.5,20.457351,22.060266,15.813554
2330.2,20.5,20.409513,22.007757,15.762054
2335.2,20.5,20.3618,21.955384,15.710765
2340.1,20.5,20.3618,21.955384,15.710765
2340.2,20.5,20.314213,21.903148,15.659686
2345.2,20.5,20.26675,21.851047,15.608815
2350.2,20.5,20.219411,21.799081,15.558152
2355.2,20.5,20.172197,21.74725,15.507696
2360.2,20.5,20.125106,21.695553,15.457446
2365.2,20.5,20.078139,21.643991,15.407401
2370.1,20.5,20.078139,21.643991,15.407401
2370.2,20.5,20.031295,21.592562,15.357561
2375.2,20.5,19.984573,21.541267,15.307924
2380.2,20.5,19.937974,21.490104,15.25849
2385.2,20.5,19.891497,21.439075,15.209258
2390.2,20.5,19.845142,21.388177,15.160227
2395.2,20.5,19.798908,21.337412,15.111396
2400.1,20.5,19.798908,21.337412,15.111396
2400.2,20.5,19.821736,21.364338,15.131655
2405.2,20.5,19.844527,21.39122,15.151854
2410.2,20.5,19.867259,21.418032,15.171971
2415.2,20.5,19.88993,21.444774,15.192005
2420.2,20.5,19.912543,21.471447,15.211957
2425.2,20.5,19.935096,21.498051,15.231828
2430.1,20.5,19.935096,21.498051,15.231828
2430.2,20.5,19.95759,21.524586,15.251618
2435.2,20.5,19.980026,21.551052,15.271327
2440.2,20.5,20.002402,21.57745,15.290956
2445.2,20.5,20.02472,21.603779,15.310504
2450.2,20.5,20.046979,21.63004,15.329973
2455.2,20.5,20.06918,21.656232,15.349362
2460.1,20.5,20.06918,21.656232,15.349362
2460.2,20.5,20.091323,21.682357,15.368671
2465.2,20.5,20.113408,21.708413,15.387902
2470.2,20.5,20.135435,21.734403,15.407055
2475.2,20.5,20.157404,21.760325,15.426129
2480.2,20.5,20.179316,21.786179,15.445125
2485.2,20.5,20.20117,21.811967,15.464044
2490.1,20.5,20.20117,21.811967,15.464044
2490.2,20.5,20.222967,21.837687,15.482885
2495.2,20.5,20.244707,21.863341,15.50165
2500.2,20.5,20.26639,21.888929,15.520337
2505.2,20.5,20.288016,21.91445,15.538949
2510.2,20.5,20.309585,21.939904,15.557484
2515.2,20.5,20.331098,21.965293,15.575944
2520.1,20.5,20.331098,21.965293,15.575944
2520.2,20.5,20.352555,21.990616,15.594328
2525.2,20.5,20.373955,22.015873,15.612637
2530.2,20.5,20.395299,22.041065,15.630872
2535.2,20.5,20.416588,22.066191,15.649032
2540.2,20.5,20.43782,22.091252,15.667118
2545.2,20.5,20.458997,22.116248,15.685129
2550.1,20.5,20.458997,22.116248,15.685129
2550.2,20.5,20.480119,22.14118,15.703068
2555.2,20.5,20.501185,22.166046,15.720933
2560.2,20.5,20.522196,22.190849,15.738725
2565.2,20.5,20.543152,22.215586,15.756444
2570.2,20.5,20.564053,22.24026,15.774091
2575.2,20.5,20.584899,22.26487,15.791666
2580.1,20.5,20.584899,22.26487,15.791666
2580.2,20.5,20.60569,22.289415,15.80917
2585.2,20.5,20.626427,22.313897,15.826601
2590.2,20.5,20.64711,22.338316,15.843962
2595.2,20.5,20.667739,22.362671,15.861251
2600.2,20.5,20.688313,22.386963,15.87847
2605.2,20.5,20.708834,22.411192,15.895619
2610.1,20.5,20.708834,22.411192,15.895619
2610.2,20.5,20.729301,22.435359,15.912697
2615.2,20.5,20.749714,22.459462,15.929706
2620.2,20.5,20.770073,22.483503,15.946646
2625.2,20.5,20.79038,22.507482,15.963516
2630.2,20.5,20.810633,22.531398,15.980317
2635.2,20.5,20.830833,22.555253,15.99705
2640.1,20.5,20.830833,22.555253,15.99705
2640.2,20.5,20.85098,22.579045,16.013714
2645.2,20.5,20.871075,22.602776,16.03031
2650.2,20.5,20.891116,22.626445,16.046839
2655.2,20.5,20.911105,22.650053,16.0633
2660.2,20.5,20.931042,22.6736,16.079693
2665.2,20.5,20.950927,22.697085,16.09602
2670.1,20.5,20.950927,22.697085,16.09602
2670.2,20.5,20.901819,22.64295,16.04339
2675.2,20.5,20.852816,22.58893,15.990952
2680.2,20.5,20.803942,22.53505,15.938728
2685.2,20.5,20.755196,22.48131,15.886718
2690.2,20.5,20.706578,22.427709,15.834919
2695.2,20.5,20.658087,22.374248,15.783333
2700.1,20.5,20.658087,22.374248,15.783333
2700.2,20.5,20.609723,22.320924,15.731957
2705.2,20.5,20.561486,22.26774,15.680791
2710.2,20.5,20.513375,22.214693,15.629834
2715.2,20.5,20.46539,22.161784,15.579085
2720.2,20.5,20.417531,22.109012,15.528544
2725.2,20.5,20.369798,22.056377,15.478208
2730.1,20.5,20.369798,22.056377,15.478208
2730.2,20.5,20.322189,22.003878,15.428079
2735.2,20.5,20.274705,21.951516,15.378154
2740.2,20.5,20.227346,21.899289,15.328433
2745.2,20.5,20.180111,21.847198,15.278915
2750.2,20.5,20.132999,21.795242,15.2296
2755.2,20.5,20.086011,21.743421,15.180486
2760.1,20.5,20.086011,21.743421,15.180486
2760.2,20.5,20.039146,21.691734,15.131572
2765.2,20.5,19.992404,21.640182,15.082859
2770.2,20.5,19.945784,21.588763,15.034344
2775.2,20.5,19.899287,21.537477,14.986027
2780.2,20.5,19.852911,21.486325,14.937908
2785.2,20.5,19.806657,21.435305,14.889985
2790.1,20.5,19.806657,21.435305,14.889985
2790.2,20.5,19.760524,21.384418,14.842258
2795.2,20.5,19.714512,21.333662,14.794726
2800.2,20.5,19.668621,21.283038,14.747389
2805.2,20.5,19.622849,21.232546,14.700244
2810.2,20.5,19.577198,21.182184,14.653292
2815.2,20.5,19.531666,21.131954,14.606532
2820.1,20.5,19.531666,21.131954,14.606532
2820.2,20.5,19.486254,21.081853,14.559963
2825.2,20.5,19.44096,21.031882,14.513584
2830.2,20.5,19.395786,20.982041,14.467394
2835.2,20.5,19.350729,20.93233,14.421393
2840.2,20.5,19.305791,20.882747,14.37558
2845.2,20.5,19.26097,20.833293,14.329955
2850.1,20.5,19.26097,20.833293,14.329955
2850.2,20.5,19.216267,20.783967,14.284515
2855.2,20.5,19.171681,20.734769,14.239261
2860.2,20.5,19.127212,20.685699,14.194192
2865.2,20.5,19.082859,20.636756,14.149307
2870.2,20.5,19.038623,20.58794,14.104606
2875.2,20.5,18.994502,20.539251,14.060087
2880.1,20.5,18.994502,20.539251,14.060087
2880.2,20.5,18.950497,20.490688,14.015749
2885.2,20.5,18.906607,20.442251,13.971593
2890.2,20.5,18.862833,20.393939,13.927617
2895.2,20.5,18.819173,20.345753,13.883821
2900.2,20.5,18.775627,20.297692,13.840204
2905.2,20.5,18.732196,20.249756,13.796765
2910.1,20.5,18.732196,20.249756,13.796765
2910.2,20.5,18.688878,20.201943,13.753503
2915.2,20.5,18.645674,20.154255,13.710418
2920.2,20.5,18.602583,20.106691,13.667509
2925.2,20.5,18.559605,20.05925,13.624776
2930.2,20.5,18.51674,20.011932,13.582216
2935.2,20.5,18.473986,19.964737,13.539831
2940.1,20.5,18.473986,19.964737,13.539831
2940.2,20.5,18.431345,19.917664,13.497619
2945.2,20.5,18.388816,19.870714,13.455579
2950.2,20.5,18.346398,19.823885,13.413711
2955.2,20.5,18.304091,19.777177,13.372014
2960.2,20.5,18.261895,19.730591,13.330487
2965.2,20.5,18.21981,19.684126,13.28913
2970.1,20.5,18.21981,19.684126,13.28913
2970.2,20.5,18.177835,19.637781,13.247942
2975.2,20.5,18.13597,19.591556,13.206922
2980.2,20.5,18.094214,19.545452,13.166069
2985.2,20.5,18.052568,19.499466,13.125384
2990.2,20.5,18.011031,19.453601,13.084864
2995.2,20.5,17.969603,19.407854,13.04451
3000.1,20.5,17.969603,19.407854,13.04451
3000.2,20.5,17.928284,19.362226,13.004321
3005.2,20.5,17.887072,19.316716,12.964296
3010.2,20.5,17.845969,19.271324,12.924435
3015.2,20.5,17.804974,19.22605,12.884736
3020.2,20.5,17.764085,19.180893,12.8452
3025.2,20.5,17.723304,19.135854,12.805825
3030.1,20.5,17.723304,19.135854,12.805825
3030.2,20.5,17.68263,19.090931,12.766611
3035.2,20.5,17.642063,19.046125,12.727557
3040.2,20.5,17.601601,19.001435,12.688662
3045.2,20.5,17.561246,18.956862,12.649927
3050.2,20.5,17.520997,18.912403,12.611349
3055.2,20.5,17.480852,18.86806,12.572929
3060.1,20.5,17.480852,18.86806,12.572929
3060.2,20.5,17.440814,18.823832,12.534666
3065.2,20.5,17.40088,18.779719,12.49656
3070.2,20.5,17.36105,18.73572,12.458609
3075.2,20.5,17.321325,18.691836,12.420813
3080.2,20.5,17.281704,18.648065,12.383171
3085.2,20.5,17.242187,18.604408,12.345683
3090.1,20.5,17.242187,18.604408,12.345683
3090.2,20.5,17.202774,18.560864,12.308349
3095.2,20.5,17.163463,18.517433,12.271167
3100.2,20.5,17.124256,18.474114,12.234136
3105.2,20.5,17.085152,18.430908,12.197257
3110.2,20.5,17.04615,18.387814,12.160529
3115.2,20.5,17.00725,18.344832,12.12395
3120.1,20.5,17.00725,18.344832,12.12395
3120.2,20.5,16.968452,18.301961,12.087521
3125.2,20.5,16.929755,18.259202,12.051241
3130.2,20.5,16.891161,18.216553,12.015109
3135.2,20.5,16.852667,18.174016,11.979124
3140.2,20.5,16.814274,18.131588,11.943287
3145.2,20.5,16.775981,18.08927,11.907596
3150.1,20.5,16.775981,18.08927,11.907596
3150.2,20.5,16.737789,18.047063,11.87205
3155.2,20.5,16.699698,18.004965,11.83665
3160.2,20.5,16.661705,17.962975,11.801395
3165.2,20.5,16.623813,17.921095,11.766283
3170.2,20.5,16.58602,17.879324,11.731315
3175.2,20.5,16.548325,17.837661,11.69649
3180.1,20.5,16.548325,17.837661,11.69649
3180.2,20.5,16.51073,17.796106,11.661807
3185.2,20.5,16.473233,17.754658,11.627265
3190.2,20.5,16.435834,17.713319,11.592865
3195.2,20.5,16.398533,17.672086,11.558605
3200.2,20.5,16.36133,17.630961,11.524485
3205.2,20.5,16.324225,17.589942,11.490505
3210.1,20.5,16.324225,17.589942,11.490505
3210.2,20.5,16.287217,17.549029,11.456663
3215.2,20.5,16.250305,17.508223,11.422959
3220.2,20.5,16.213491,17.467523,11.389394
3225.2,20.5,16.176773,17.426928,11.355965
3230.2,20.5,16.140151,17.386438,11.322673
3235.2,20.5,16.103625,17.346054,11.289517
3240.1,20.5,16.103625,17.346054,11.289517
3240.2,20.5,16.067194,17.305774,11.256496
3245.2,20.5,16.030859,17.265598,11.22361
3250.2,20.5,15.99462,17.225527,11.190858
3255.2,20.5,15.958475,17.18556,11.15824
3260.2,20.5,15.922425,17.145697,11.125756
3265.2,20.5,15.88647,17.105937,11.093404
3270.1,20.5,15.88647,17.105937,11.093404
3270.2,20.5,15.850608,17.06628,11.061184
3275.2,20.5,15.814841,17.026726,11.029096
3280.2,20.5,15.779168,16.987274,10.997139
3285.2,20.5,15.743587,16.947925,10.965312
3290.2,20.5,15.7081,16.908678,10.933616
3295.2,20.5,15.672707,16.869533,10.902049
3300.1,20.5,15.672707,16.869533,10.902049
3300.2,20.5,15.637405,16.830489,10.870611
3305.2,20.5,15.602197,16.791547,10.839301
3310.2,20.5,15.56708,16.752705,10.808119
3315.2,20.5,15.532056,16.713965,10.777064
3320.2,20.5,15.497123,16.675325,10.746137
3325.2,20.5,15.462282,16.636785,10.715335
3330.1,20.5,15.462282,16.636785,10.715335
3330.2,20.5,15.427532,16.598345,10.68466
3335.2,20.5,15.392873,16.560004,10.65411
3340.2,20.5,15.358305,16.521764,10.623684
3345.2,20.5,15.323828,16.483622,10.593383
3350.2,20.5,15.289441,16.44558,10.563206
3355.2,20.5,15.255144,16.407636,10.533151
3360.1,20.5,15.255144,16.407636,10.533151
3360.2,20.5,15.220937,16.36979,10.50322
3365.2,20.5,15.186819,16.332043,10.473411
3370.2,20.5,15.152791,16.294393,10.443723
3375.2,20.5,15.118852,16.256842,10.414157
3380.2,20.5,15.085002,16.219387,10.384712
3385.2,20.5,15.051241,16.18203,10.355387
3390.1,20.5,15.051241,16.18203,10.355387
3390.2,20.5,15.017568,16.14477,10.326182
3395.2,20.5,14.983984,16.107606,10.297095
3400.2,20.5,14.950487,16.070539,10.268128
3405.2,20.5,14.917078,16.033568,10.239279
3410.2,20.5,14.883757,15.996693,10.210548
3415.2,20.5,14.850523,15.959913,10.181935
3420.1,20.5,14.850523,15.959913,10.181935
3420.2,20.5,14.817376,15.923229,10.153438
3425.2,20.5,14.784316,15.88664,10.125057
3430.2,20.5,14.751343,15.850146,10.096793
3435.2,20.5,14.718456,15.813747,10.068644
3440.2,20.5,14.685655,15.777442,10.040609
3445.2,20.5,14.65294,15.741231,10.01269
3450.1,20.5,14.65294,15.741231,10.01269
3450.2,20.5,14.620311,15.705114,9.984884
3455.2,20.5,14.587767,15.669091,9.957192
3460.2,20.5,14.555309,15.633161,9.929613
3465.2,20.5,14.522935,15.597325,9.902147
3470.2,20.5,14.490647,15.561581,9.874793
3475.2,20.5,14.458443,15.52593,9.847551
3480.1,20.5,14.458443,15.52593,9.847551
3480.2,20.5,14.426323,15.490372,9.82042
3485.2,20.5,14.394288,15.454906,9.7934
3490.2,20.5,14.362336,15.419532,9.76649
3495.2,20.5,14.330468,15.384249,9.73969
3500.2,20.5,14.298684,15.349059,9.712999
3505.2,20.5,14.266983,15.313959,9.686418
3510.1,20.5,14.266983,15.313959,9.686418
3510.2,20.5,14.235365,15.278951,9.659945
3515.2,20.5,14.20383,15.244033,9.63358
3520.2,20.5,14.172378,15.209206,9.607323
3525.2,20.5,14.141008,15.174469,9.581173
3530.2,20.5,14.10972,15.139822,9.55513
3535.2,20.5,14.078514,15.105266,9.529193
3540.1,20.5,14.078514,15.105266,9.529193
3540.2,20.5,14.04739,15.070799,9.503363
3545.2,20.5,14.016347,15.036421,9.477637
3550.2,20.5,13.985386,15.002132,9.452017
3555.2,20.5,13.954506,14.967933,9.426502
3560.2,20.5,13.923707,14.933822,9.401091
3565.2,20.5,13.892989,14.899799,9.375783
3570.1,20.5,13.892989,14.899799,9.375783
3570.2,20.5,13.862351,14.865865,9.350579
3575.2,20.5,13.831793,14.832019,9.325478
3580.2,20.5,13.801315,14.798261,9.300479
3585.2,20.5,13.770918,14.76459,9.275583
3590.2,20.5,13.740599,14.731007,9.250788
3595.2,20.5,13.710361,14.69751,9.226094
3600.1,20.5,13.710361,14.69751,9.226094
