Time,ThermostatTargetTemperature,LivingroomTemperatureFault,LivingroomTemperatureBase
0.1,20.5,16.999146,16.999146
5,20.5,16.961144,16.961144
10,20.5,16.922466,16.922466
15,20.5,16.883891,16.883891
20,20.5,16.845493,16.845493
25,20.5,16.807119,16.807119
30,20.5,16.768845,16.768845
30.1,20.5,16.768845,16.768845
30.2,20.5,16.767316,16.767316
35.2,20.5,16.729147,16.729147
40.2,20.5,16.691078,16.691078
45.2,20.5,16.653032,16.653032
50.2,20.5,16.615162,16.615162
55.2,20.5,16.577392,16.577392
60.1,20.5,16.577392,16.577392
60.2,20.5,16.608661,16.608661
65.2,20.5,16.639871,16.639871
70.2,20.5,16.670999,16.670999
75.2,20.5,16.701984,16.701984
80.2,20.5,16.73295,16.73295
85.2,20.5,16.763834,16.763834
90.1,20.5,16.763834,16.763834
90.2,20.5,16.794638,16.794638
95.2,20.5,16.82536,16.82536
100.2,20.5,16.856003,16.856003
105.2,20.5,16.886565,16.886565
110.2,20.5,16.917047,16.917047
115.2,20.5,16.947449,16.947449
120.1,20.5,16.947449,16.947449
120.2,20.5,16.977771,16.977771
125.2,20.5,17.008014,17.008014
130.2,20.5,17.038178,17.038178
135.2,20.5,17.068262,17.068262
140.2,20.5,17.098268,17.098268
145.2,20.5,17.128195,17.128195
150.1,20.5,17.128195,17.128195
150.2,20.5,17.158044,17.158044
155.2,20.5,17.187815,17.187815
160.2,20.5,17.217567,17.217567
165.2,20.5,17.247181,17.247181
170.2,20.5,17.276718,17.276718
175.2,20.5,17.306178,17.306178
180.1,20.5,17.306178,17.306178
180.2,20.5,17.335561,17.335561
185.2,20.5,17.364866,17.364866
190.2,20.5,17.394095,17.394095
195.2,20.5,17.423247,17.423247
200.2,20.5,17.452323,17.452323
205.2,20.5,17.481322,17.481322
210.1,20.5,17.481322,17.481322
210.2,20.5,17.510246,17.510246
215.2,20.5,17.539093,17.539093
220.2,20.5,17.567866,17.567866
225.2,20.5,17.596562,17.596562
230.2,20.5,17.625184,17.625184
235.2,20.5,17.65373,17.65373
240.1,20.5,17.65373,17.65373
240.2,20.5,17.682202,17.682202
245.2,20.5,17.7106,17.7106
250.2,20.5,17.738922,17.738922
255.2,20.5,17.767171,17.767171
260.2,20.5,17.795345,17.795345
265.2,20.5,17.823446,17.823446
270.1,20.5,17.823446,17.823446
270.2,20.5,17.851473,17.851473
275.2,20.5,17.879427,17.879427
280.2,20.5,17.907307,17.907307
285.2,20.5,17.935115,17.935115
290.2,20.5,17.962849,17.962849
295.2,20.5,17.990511,17.990511
300.1,20.5,17.990511,17.990511
300.2,20.5,17.94916,18.018101
305.2,20.5,17.907894,18.045618
310.2,20.5,17.866736,18.073063
315.2,20.5,17.825686,18.100436
320.2,20.5,17.784744,18.127737
325.2,20.5,17.743908,18.154967
330.1,20.5,17.743908,18.154967
330.2,20.5,17.70318,18.182125
335.2,20.5,17.662559,18.209213
340.2,20.5,17.622044,18.236229
345.2,20.5,17.581635,18.263174
350.2,20.5,17.541332,18.290049
355.2,20.5,17.501135,18.316854
360.1,20.5,17.501135,18.316854
360.2,20.5,17.461043,18.343588
365.2,20.5,17.421056,18.370252
370.2,20.5,17.381173,18.396847
375.2,20.5,17.341396,18.423371
380.2,20.5,17.301722,18.449827
385.2,20.5,17.262153,18.476213
390.1,20.5,17.262153,18.476213
390.2,20.5,17.222687,18.502529
395.2,20.5,17.183324,18.528777
400.2,20.5,17.144065,18.554956
405.2,20.5,17.104909,18.581066
410.2,20.5,17.065855,18.607108
415.2,20.5,17.026903,18.633082
420.1,20.5,17.026903,18.633082
420.2,20.5,16.988054,18.658988
425.2,20.5,16.949306,18.684826
430.2,20.5,16.91066,18.710596
435.2,20.5,16.872115,18.736298
440.2,20.5,16.833671,18.761934
445.2,20.5,16.795328,18.787502
450.1,20.5,16.795328,18.787502
450.2,20.5,16.757085,18.813003
455.2,20.5,16.718943,18.838437
460.2,20.5,16.6809,18.863805
465.2,20.5,16.642958,18.889106
470.2,20.5,16.605114,18.914341
475.2,20.5,16.56737,18.93951
480.1,20.5,16.56737,18.93951
480.2,20.5,16.598665,18.964612
485.2,20.5,16.629901,18.989649
490.2,20.5,16.661056,19.014621
495.2,20.5,16.692129,19.039527
500.2,20.5,16.72312,19.064368
505.2,20.5,16.75403,19.089143
510.1,20.5,16.75403,19.089143
510.2,20.5,16.78486,19.113854
515.2,20.5,16.815608,19.1385
520.2,20.5,16.846276,19.163081
525.2,20.5,16.876863,19.187598
530.2,20.5,16.907371,19.212051
535.2,20.5,16.937798,19.23644
540.1,20.5,16.937798,19.23644
540.2,20.5,16.968146,19.260765
545.2,20.5,16.998414,19.285026
550.2,20.5,17.028603,19.309223
555.2,20.5,17.058713,19.333357
560.2,20.5,17.088743,19.357428
565.2,20.5,17.118696,19.381436
570.1,20.5,17.118696,19.381436
570.2,20.5,17.148569,19.405381
575.2,20.5,17.178365,19.429263
580.2,20.5,17.208082,19.453082
585.2,20.5,17.237722,19.47684
590.2,20.5,17.267283,19.500534
595.2,20.5,17.296768,19.524167
600.1,20.5,17.296768,19.524167
600.2,20.5,17.326175,19.547738
605.2,20.5,17.355505,19.571247
610.2,20.5,17.384758,19.594695
615.2,20.5,17.413935,19.618081
620.2,20.5,17.443035,19.641406
625.2,20.5,17.472059,19.664669
630.1,20.5,17.472059,19.664669
630.2,20.5,17.501006,19.687872
635.2,20.5,17.529878,19.711014
640.2,20.5,17.558675,19.734095
645.2,20.5,17.587396,19.757116
650.2,20.5,17.616041,19.780077
655.2,20.5,17.644612,19.802977
660.1,20.5,17.644612,19.802977
660.2,20.5,17.673108,19.825817
665.2,20.5,17.701529,19.848598
670.2,20.5,17.729875,19.871319
675.2,20.5,17.758147,19.89398
680.2,20.5,17.786346,19.916582
685.2,20.5,17.81447,19.939125
690.1,20.5,17.81447,19.939125
690.2,20.5,17.842521,19.961608
695.2,20.5,17.870498,19.984033
700.2,20.5,17.898402,20.006399
705.2,20.5,17.926232,20.028706
710.2,20.5,17.95399,20.050955
715.2,20.5,17.981675,20.073146
720.1,20.5,17.981675,20.073146
720.2,20.5,18.009288,20.095278
725.2,20.5,18.036828,20.117353
730.2,20.5,18.064296,20.139369
735.2,20.5,18.091692,20.161328
740.2,20.5,18.119016,20.183229
745.2,20.5,18.146269,20.205073
750.1,20.5,18.146269,20.205073
750.2,20.5,18.17345,20.22686
755.2,20.5,18.20056,20.24859
760.2,20.5,18.227599,20.270263
765.2,20.5,18.254567,20.291879
770.2,20.5,18.281465,20.313438
775.2,20.5,18.308292,20.334941
780.1,20.5,18.308292,20.334941
780.2,20.5,18.335048,20.356387
785.2,20.5,18.361735,20.377778
790.2,20.5,18.388352,20.399112
795.2,20.5,18.414899,20.42039
800.2,20.5,18.441376,20.441613
805.2,20.5,18.467784,20.46278
810.1,20.5,18.467784,20.46278
810.2,20.5,18.494123,20.483891
815.2,20.5,18.520393,20.504948
820.2,20.5,18.546594,20.525949
825.2,20.5,18.572726,20.546895
830.2,20.5,18.59879,20.567786
835.2,20.5,18.624785,20.588622
840.1,20.5,18.624785,20.588622
840.2,20.5,18.650713,20.609404
845.2,20.5,18.676572,20.630131
850.2,20.5,18.702364,20.650804
855.2,20.5,18.728088,20.671423
860.2,20.5,18.753745,20.691988
865.2,20.5,18.779335,20.712499
870.1,20.5,18.779335,20.712499
870.2,20.5,18.804857,20.732956
875.2,20.5,18.830313,20.75336
880.2,20.5,18.855702,20.77371
885.2,20.5,18.881024,20.794007
890.2,20.5,18.90628,20.81425
895.2,20.5,18.93147,20.834441
900.1,20.5,18.93147,20.834441
900.2,20.5,18.956594,20.854579
905.2,20.5,18.981652,20.874664
910.2,20.5,19.006644,20.894696
915.2,20.5,19.031571,20.914676
920.2,20.5,19.056433,20.934603
925.2,20.5,19.081229,20.954479
930.1,20.5,19.081229,20.954479
930.2,20.5,19.105961,20.905361
935.2,20.5,19.130627,20.856349
940.2,20.5,19.155229,20.807466
945.2,20.5,19.179767,20.758711
950.2,20.5,19.20424,20.710083
955.2,20.5,19.228649,20.661583
960.1,20.5,19.228649,20.661583
960.2,20.5,19.252995,20.61321
965.2,20.5,19.277276,20.564964
970.2,20.5,19.301494,20.516844
975.2,20.5,19.325648,20.46885
980.2,20.5,19.349739,20.420982
985.2,20.5,19.373767,20.373239
990.1,20.5,19.373767,20.373239
990.2,20.5,19.397732,20.325622
995.2,20.5,19.421634,20.278129
1000.2,20.5,19.445474,20.230761
1005.2,20.5,19.469251,20.183516
1010.2,20.5,19.492966,20.136396
1015.2,20.5,19.516618,20.089399
1020.1,20.5,19.516618,20.089399
1020.2,20.5,19.540209,20.042525
1025.2,20.5,19.563738,19.995774
1030.2,20.5,19.587205,19.949146
1035.2,20.5,19.610611,19.902639
1040.2,20.5,19.633955,19.856255
1045.2,20.5,19.657238,19.809992
1050.1,20.5,19.657238,19.809992
1050.2,20.5,19.68046,19.832791
1055.2,20.5,19.703622,19.855553
1060.2,20.5,19.726722,19.878256
1065.2,20.5,19.749763,19.900899
1070.2,20.5,19.772742,19.923483
1075.2,20.5,19.795662,19.946007
1080.1,20.5,19.795662,19.946007
1080.2,20.5,19.818521,19.968473
1085.2,20.5,19.841321,19.99088
1090.2,20.5,19.864061,20.013228
1095.2,20.5,19.886741,20.035517
1100.2,20.5,19.909362,20.057748
1105.2,20.5,19.931924,20.079921
1110.1,20.5,19.931924,20.079921
1110.2,20.5,19.954426,20.102036
1115.2,20.5,19.97687,20.124092
1120.2,20.5,19.999254,20.146091
1125.2,20.5,20.02158,20.168033
1130.2,20.5,20.043848,20.189917
1135.2,20.5,20.066057,20.211743
1140.1,20.5,20.066057,20.211743
1140.2,20.5,20.088208,20.233512
1145.2,20.5,20.110301,20.255225
1150.2,20.5,20.132336,20.27688
1155.2,20.5,20.154314,20.298479
1160.2,20.5,20.176233,20.320021
1165.2,20.5,20.198096,20.341506
1170.1,20.5,20.198096,20.341506
1170.2,20.5,20.219901,20.362935
1175.2,20.5,20.241649,20.384309
1180.2,20.5,20.26334,20.405626
1185.2,20.5,20.284974,20.426887
1190.2,20.5,20.306551,20.448093
1195.2,20.5,20.328072,20.469243
1200.1,20.5,20.328072,20.469243
1200.2,20.5,20.349537,20.490337
1205.2,20.5,20.370945,20.511377
1210.2,20.5,20.392297,20.532361
1215.2,20.5,20.413593,20.55329
1220.2,20.5,20.434834,20.574164
1225.2,20.5,20.456018,20.594984
1230.1,20.5,20.456018,20.594984
1230.2,20.5,20.477148,20.615749
1235.2,20.5,20.498222,20.63646
1240.2,20.5,20.51924,20.657116
1245.2,20.5,20.540204,20.677719
1250.2,20.5,20.561112,20.698267
1255.2,20.5,20.581966,20.718761
1260.1,20.5,20.581966,20.718761
1260.2,20.5,20.602766,20.739202
1265.2,20.5,20.62351,20.75959
1270.2,20.5,20.644201,20.779923
1275.2,20.5,20.664837,20.800204
1280.2,20.5,20.685419,20.820431
1285.2,20.5,20.705947,20.840606
1290.1,20.5,20.705947,20.840606
1290.2,20.5,20.726422,20.860727
1295.2,20.5,20.746842,20.880796
1300.2,20.5,20.76721,20.900812
1305.2,20.5,20.787523,20.920776
1310.2,20.5,20.807784,20.940688
1315.2,20.5,20.827992,20.960547
1320.1,20.5,20.827992,20.960547
1320.2,20.5,20.848146,20.911414
1325.2,20.5,20.868248,20.862386
1330.2,20.5,20.888297,20.813487
1335.2,20.5,20.908294,20.764716
1340.2,20.5,20.928238,20.716072
1345.2,20.5,20.94813,20.667557
1350.1,20.5,20.94813,20.667557
1350.2,20.5,20.899029,20.619168
1355.2,20.5,20.850034,20.570906
1360.2,20.5,20.801167,20.52277
1365.2,20.5,20.752428,20.474761
1370.2,20.5,20.703817,20.426878
1375.2,20.5,20.655333,20.37912
1380.1,20.5,20.655333,20.37912
1380.2,20.5,20.606977,20.331487
1385.2,20.5,20.558747,20.283979
1390.2,20.5,20.510643,20.236595
1395.2,20.5,20.462666,20.189335
1400.2,20.5,20.414814,20.1422
1405.2,20.5,20.367087,20.095188
1410.1,20.5,20.367087,20.095188
1410.2,20.5,20.319486,20.048299
1415.2,20.5,20.272009,20.001532
1420.2,20.5,20.224657,19.954889
1425.2,20.5,20.177429,19.908368
1430.2,20.5,20.130324,19.861968
1435.2,20.5,20.083343,19.81569
1440.1,20.5,20.083343,19.81569
1440.2,20.5,20.036485,19.838474
1445.2,20.5,19.98975,19.861222
1450.2,20.5,19.943137,19.883909
1455.2,20.5,19.896647,19.906538
1460.2,20.5,19.850278,19.929107
1465.2,20.5,19.804031,19.951616
1470.1,20.5,19.804031,19.951616
1470.2,20.5,19.757905,19.974067
1475.2,20.5,19.711899,19.996459
1480.2,20.5,19.666015,20.018793
1485.2,20.5,19.62025,20.041068
1490.2,20.5,19.574606,20.063284
1495.2,20.5,19.529081,20.085442
1500.1,20.5,19.529081,20.085442
1500.2,20.5,19.552616,20.107543
1505.2,20.5,19.576112,20.129585
1510.2,20.5,19.599547,20.15157
1515.2,20.5,19.62292,20.173497
1520.2,20.5,19.646232,20.195366
1525.2,20.5,19.669484,20.217178
1530.1,20.5,19.669484,20.217178
1530.2,20.5,19.692674,20.238933
1535.2,20.5,19.715803,20.260631
1540.2,20.5,19.738872,20.282273
1545.2,20.5,19.76188,20.303857
1550.2,20.5,19.784828,20.325385
1555.2,20.5,19.807716,20.346856
1560.1,20.5,19.807716,20.346856
1560.2,20.5,19.830544,20.368272
1565.2,20.5,19.853312,20.389631
1570.2,20.5,19.876021,20.410934
1575.2,20.5,19.898669,20.432182
1580.2,20.5,19.921259,20.453373
1585.2,20.5,19.94379,20.474509
1590.1,20.5,19.94379,20.474509
1590.2,20.5,19.966261,20.49559
1595.2,20.5,19.988673,20.516616
1600.2,20.5,20.011027,20.537586
1605.2,20.5,20.033322,20.558502
1610.2,20.5,20.055559,20.579362
1615.2,20.5,20.077738,20.600169
1620.1,20.5,20.077738,20.600169
1620.2,20.5,20.099858,20.62092
1625.2,20.5,20.121921,20.641617
1630.2,20.5,20.143925,20.66226
1635.2,20.5,20.165872,20.682849
1640.2,20.5,20.187762,20.703384
1645.2,20.5,20.209594,20.723865
1650.1,20.5,20.209594,20.723865
1650.2,20.5,20.231369,20.744292
1655.2,20.5,20.253087,20.764666
1660.2,20.5,20.274748,20.784987
1665.2,20.5,20.296352,20.805254
1670.2,20.5,20.317899,20.825468
1675.2,20.5,20.339391,20.84563
1680.1,20.5,20.339391,20.84563
1680.2,20.5,20.360825,20.865738
1685.2,20.5,20.382204,20.885794
1690.2,20.5,20.403527,20.905797
1695.2,20.5,20.424794,20.925748
1700.2,20.5,20.446005,20.945646
1705.2,20.5,20.46716,20.965492
1710.1,20.5,20.46716,20.965492
1710.2,20.5,20.48826,20.916346
1715.2,20.5,20.509305,20.867305
1720.2,20.5,20.530295,20.818393
1725.2,20.5,20.551229,20.769609
1730.2,20.5,20.572109,20.720953
1735.2,20.5,20.592934,20.672425
1740.1,20.5,20.592934,20.672425
1740.2,20.5,20.613705,20.624023
1745.2,20.5,20.634421,20.575749
1750.2,20.5,20.655082,20.5276
1755.2,20.5,20.67569,20.479578
1760.2,20.5,20.696244,20.431682
1765.2,20.5,20.716744,20.383912
1770.1,20.5,20.716744,20.383912
1770.2,20.5,20.73719,20.336266
1775.2,20.5,20.757582,20.288746
1780.2,20.5,20.777921,20.241349
1785.2,20.5,20.798207,20.194077
1790.2,20.5,20.81844,20.146929
1795.2,20.5,20.838619,20.099905
1800.1,20.5,20.838619,20.099905
1800.2,20.5,20.858746,20.053003
1805.2,20.5,20.87882,20.006225
1810.2,20.5,20.898841,19.959569
1815.2,20.5,20.91881,19.913036
1820.2,20.5,20.938727,19.866624
1825.2,20.5,20.958592,19.820334
1830.1,20.5,20.958592,19.820334
1830.2,20.5,20.978404,19.843106
1835.2,20.5,20.998164,19.865841
1840.2,20.5,21.017873,19.888516
1845.2,20.5,21.03753,19.911133
1850.2,20.5,21.057136,19.93369
1855.2,20.5,21.07669,19.956187
1860.1,20.5,21.07669,19.956187
1860.2,20.5,21.096193,19.978626
1865.2,20.5,21.115645,20.001006
1870.2,20.5,21.135046,20.023328
1875.2,20.5,21.154396,20.045591
1880.2,20.5,21.173695,20.067796
1885.2,20.5,21.192944,20.089942
1890.1,20.5,21.192944,20.089942
1890.2,20.5,21.212142,20.112031
1895.2,20.5,21.23129,20.134061
1900.2,20.5,21.250388,20.156034
1905.2,20.5,21.269436,20.177949
1910.2,20.5,21.288434,20.199807
1915.2,20.5,21.307382,20.221608
1920.1,20.5,21.307382,20.221608
1920.2,20.5,21.326281,20.243351
1925.2,20.5,21.34513,20.265038
1930.2,20.5,21.363929,20.286667
1935.2,20.5,21.38268,20.30824
1940.2,20.5,21.401381,20.329757
1945.2,20.5,21.420033,20.351217
1950.1,20.5,21.420033,20.351217
1950.2,20.5,21.438636,20.372621
1955.2,20.5,21.457191,20.393968
1960.2,20.5,21.475697,20.41526
1965.2,20.5,21.494154,20.436496
1970.2,20.5,21.512563,20.457677
1975.2,20.5,21.530924,20.478801
1980.1,20.5,21.530924,20.478801
1980.2,20.5,21.549237,20.499871
1985.2,20.5,21.567502,20.520885
1990.2,20.5,21.585719,20.541845
1995.2,20.5,21.603888,20.562749
2000.2,20.5,21.62201,20.583599
2005.2,20.5,21.640084,20.604394
2010.1,20.5,21.640084,20.604394
2010.2,20.5,21.658111,20.625134
2015.2,20.5,21.67609,20.64582
2020.2,20.5,21.694022,20.666452
2025.2,20.5,21.711908,20.68703
2030.2,20.5,21.729746,20.707554
2035.2,20.5,21.747538,20.728024
2040.1,20.5,21.747538,20.728024
2040.2,20.5,21.765284,20.748441
2045.2,20.5,21.782982,20.768804
2050.2,20.5,21.800635,20.789113
2055.2,20.5,21.818241,20.80937
2060.2,20.5,21.835801,20.829573
2065.2,20.5,21.853315,20.849724
2070.1,20.5,21.853315,20.849724
2070.2,20.5,21.870783,20.869821
2075.2,20.5,21.888205,20.889866
2080.2,20.5,21.905581,20.909859
2085.2,20.5,21.922913,20.929799
2090.2,20.5,21.940198,20.949687
2095.2,20.5,21.957439,20.969522
2100.1,20.5,21.957439,20.969522
2100.2,20.5,21.974634,20.920366
2105.2,20.5,21.991784,20.871314
2110.2,20.5,22.008889,20.822392
2115.2,20.5,22.02595,20.773597
2120.2,20.5,22.042965,20.724931
2125.2,20.5,22.059937,20.676392
2130.1,20.5,22.059937,20.676392
2130.2,20.5,22.076829,20.628077
2135.2,20.5,22.093712,20.579791
2140.2,20.5,22.11055,20.531633
2145.2,20.5,22.127344,20.4836
2150.2,20.5,22.144094,20.435694
2155.2,20.5,22.1608,20.387912
2160.1,20.5,22.1608,20.387912
2160.2,20.5,22.108522,20.340256
2165.2,20.5,22.056358,20.292725
2170.2,20.5,22.00433,20.245319
2175.2,20.5,21.952439,20.198036
2180.2,20.5,21.900683,20.150878
2185.2,20.5,21.849064,20.103843
2190.1,20.5,21.849064,20.103843
2190.2,20.5,21.797579,20.056931
2195.2,20.5,21.746229,20.010143
2200.2,20.5,21.695014,19.963476
2205.2,20.5,21.643934,19.916933
2210.2,20.5,21.592987,19.870511
2215.2,20.5,21.542173,19.82421
2220.1,20.5,21.542173,19.82421
2220.2,20.5,21.491493,19.846972
2225.2,20.5,21.440945,19.869697
2230.2,20.5,21.39053,19.892363
2235.2,20.5,21.340247,19.914969
2240.2,20.5,21.290096,19.937516
2245.2,20.5,21.240076,19.960004
2250.1,20.5,21.240076,19.960004
2250.2,20.5,21.190187,19.982433
2255.2,20.5,21.140429,20.004803
2260.2,20.5,21.090801,20.027114
2265.2,20.5,21.041304,20.049367
2270.2,20.5,20.991936,20.071562
2275.2,20.5,20.942697,20.093699
2280.1,20.5,20.942697,20.093699
2280.2,20.5,20.893587,20.115777
2285.2,20.5,20.844606,20.137798
2290.2,20.5,20.795754,20.159761
2295.2,20.5,20.747029,20.181666
2300.2,20.5,20.698432,20.203515
2305.2,20.5,20.649963,20.225305
2310.1,20.5,20.649963,20.225305
2310.2,20.5,20.60162,20.247039
2315.2,20.5,20.553404,20.268716
2320.2,20.5,20.505314,20.290336
2325.2,20.5,20.457351,20.311899
2330.2,20.5,20.409513,20.333406
2335.2,20.5,20.3618,20.354857
2340.1,20.5,20.3618,20.354857
2340.2,20.5,20.314213,20.376251
2345.2,20.5,20.26675,20.397589
2350.2,20.5,20.219411,20.418872
2355.2,20.5,20.172197,20.440098
2360.2,20.5,20.125106,20.461269
2365.2,20.5,20.078139,20.482385
2370.1,20.5,20.078139,20.482385
2370.2,20.5,20.031295,20.503445
2375.2,20.5,19.984573,20.52445
2380.2,20.5,19.937974,20.5454
2385.2,20.5,19.891497,20.566295
2390.2,20.5,19.845142,20.587135
2395.2,20.5,19.798908,20.607921
2400.1,20.5,19.798908,20.607921
2400.2,20.5,19.821736,20.628652
2405.2,20.5,19.844527,20.649329
2410.2,20.5,19.867259,20.669952
2415.2,20.5,19.88993,20.69052
2420.2,20.5,19.912543,20.711035
2425.2,20.5,19.935096,20.731496
2430.1,20.5,19.935096,20.731496
2430.2,20.5,19.95759,20.751904
2435.2,20.5,19.980026,20.772258
2440.2,20.5,20.002402,20.792558
2445.2,20.5,20.02472,20.812806
2450.2,20.5,20.046979,20.833
2455.2,20.5,20.06918,20.853142
2460.1,20.5,20.06918,20.853142
2460.2,20.5,20.091323,20.87323
2465.2,20.5,20.113408,20.893266
2470.2,20.5,20.135435,20.91325
2475.2,20.5,20.157404,20.933181
2480.2,20.5,20.179316,20.95306
2485.2,20.5,20.20117,20.972887
2490.1,20.5,20.20117,20.972887
2490.2,20.5,20.222967,20.923721
2495.2,20.5,20.244707,20.874661
2500.2,20.5,20.26639,20.82573
2505.2,20.5,20.288016,20.776927
2510.2,20.5,20.309585,20.728252
2515.2,20.5,20.331098,20.679704
2520.1,20.5,20.331098,20.679704
2520.2,20.5,20.352555,20.631283
2525.2,20.5,20.373955,20.58299
2530.2,20.5,20.395299,20.534823
2535.2,20.5,20.416588,20.486782
2540.2,20.5,20.43782,20.438867
2545.2,20.5,20.458997,20.391077
2550.1,20.5,20.458997,20.391077
2550.2,20.5,20.480119,20.343413
2555.2,20.5,20.501185,20.295874
2560.2,20.5,20.522196,20.248459
2565.2,20.5,20.543152,20.201168
2570.2,20.5,20.564053,20.154002
2575.2,20.5,20.584899,20.106958
2580.1,20.5,20.584899,20.106958
2580.2,20.5,20.60569,20.060039
2585.2,20.5,20.626427,20.013242
2590.2,20.5,20.64711,19.966567
2595.2,20.5,20.667739,19.920016
2600.2,20.5,20.688313,19.873586
2605.2,20.5,20.708834,19.827277
2610.1,20.5,20.708834,19.827277
2610.2,20.5,20.729301,19.850031
2615.2,20.5,20.749714,19.872748
2620.2,20.5,20.770073,19.895405
2625.2,20.5,20.79038,19.918004
2630.2,20.5,20.810633,19.940543
2635.2,20.5,20.830833,19.963023
2640.1,20.5,20.830833,19.963023
2640.2,20.5,20.85098,19.985444
2645.2,20.5,20.871075,20.007806
2650.2,20.5,20.891116,20.030109
2655.2,20.5,20.911105,20.052355
2660.2,20.5,20.931042,20.074542
2665.2,20.5,20.950927,20.09667
2670.1,20.5,20.950927,20.09667
2670.2,20.5,20.901819,20.118741
2675.2,20.5,20.852816,20.140754
2680.2,20.5,20.803942,20.162709
2685.2,20.5,20.755196,20.184607
2690.2,20.5,20.706578,20.206448
2695.2,20.5,20.658087,20.228231
2700.1,20.5,20.658087,20.228231
2700.2,20.5,20.609723,20.249957
2705.2,20.5,20.561486,20.271626
2710.2,20.5,20.513375,20.293238
2715.2,20.5,20.46539,20.314794
2720.2,20.5,20.417531,20.336293
2725.2,20.5,20.369798,20.357736
2730.1,20.5,20.369798,20.357736
2730.2,20.5,20.322189,20.379123
2735.2,20.5,20.274705,20.400454
2740.2,20.5,20.227346,20.421729
2745.2,20.5,20.180111,20.442948
2750.2,20.5,20.132999,20.464111
2755.2,20.5,20.086011,20.485219
2760.1,20.5,20.086011,20.485219
2760.2,20.5,20.039146,20.506272
2765.2,20.5,19.992404,20.52727
2770.2,20.5,19.945784,20.548212
2775.2,20.5,19.899287,20.5691
2780.2,20.5,19.852911,20.589933
2785.2,20.5,19.806657,20.610711
2790.1,20.5,19.806657,20.610711
2790.2,20.5,19.760524,20.631435
2795.2,20.5,19.714512,20.652105
2800.2,20.5,19.668621,20.67272
2805.2,20.5,19.622849,20.693282
2810.2,20.5,19.577198,20.713789
2815.2,20.5,19.531666,20.734243
2820.1,20.5,19.531666,20.734243
2820.2,20.5,19.486254,20.754643
2825.2,20.5,19.44096,20.77499
2830.2,20.5,19.395786,20.795284
2835.2,20.5,19.350729,20.815524
2840.2,20.5,19.305791,20.835711
2845.2,20.5,19.26097,20.855846
2850.1,20.5,19.26097,20.855846
2850.2,20.5,19.216267,20.875927
2855.2,20.5,19.171681,20.895956
2860.2,20.5,19.127212,20.915933
2865.2,20.5,19.082859,20.935857
2870.2,20.5,19.038623,20.955729
2875.2,20.5,18.994502,20.975549
2880.1,20.5,18.994502,20.975549
2880.2,20.5,18.950497,20.926376
2885.2,20.5,18.906607,20.877309
2890.2,20.5,18.862833,20.828371
2895.2,20.5,18.819173,20.779561
2900.2,20.5,18.775627,20.730879
2905.2,20.5,18.732196,20.682324
2910.1,20.5,18.732196,20.682324
2910.2,20.5,18.688878,20.633897
2915.2,20.5,18.645674,20.585596
2920.2,20.5,18.602583,20.537422
2925.2,20.5,18.559605,20.489374
2930.2,20.5,18.51674,20.441453
2935.2,20.5,18.473986,20.393656
2940.1,20.5,18.473986,20.393656
2940.2,20.5,18.431345,20.345985
2945.2,20.5,18.388816,20.298439
2950.2,20.5,18.346398,20.251018
2955.2,20.5,18.304091,20.20372
2960.2,20.5,18.261895,20.156547
2965.2,20.5,18.21981,20.109497
2970.1,20.5,18.21981,20.109497
2970.2,20.5,18.177835,20.062571
2975.2,20.5,18.13597,20.015767
2980.2,20.5,18.094214,19.969086
2985.2,20.5,18.052568,19.922528
2990.2,20.5,18.011031,19.876091
2995.2,20.5,17.969603,19.829776
3000.1,20.5,17.969603,19.829776
3000.2,20.5,17.928284,19.852524
3005.2,20.5,17.887072,19.875234
3010.2,20.5,17.845969,19.897885
3015.2,20.5,17.804974,19.920477
3020.2,20.5,17.764085,19.943009
3025.2,20.5,17.723304,19.965483
3030.1,20.5,17.723304,19.965483
3030.2,20.5,17.68263,19.987897
3035.2,20.5,17.642063,20.010253
3040.2,20.5,17.601601,20.03255
3045.2,20.5,17.561246,20.054789
3050.2,20.5,17.520997,20.07697
3055.2,20.5,17.480852,20.099092
3060.1,20.5,17.480852,20.099092
3060.2,20.5,17.440814,20.121157
3065.2,20.5,17.40088,20.143163
3070.2,20.5,17.36105,20.165112
3075.2,20.5,17.321325,20.187004
3080.2,20.5,17.281704,20.208838
3085.2,20.5,17.242187,20.230615
3090.1,20.5,17.242187,20.230615
3090.2,20.5,17.202774,20.252335
3095.2,20.5,17.163463,20.273998
3100.2,20.5,17.124256,20.295604
3105.2,20.5,17.085152,20.317153
3110.2,20.5,17.04615,20.338646
3115.2,20.5,17.00725,20.360083
3120.1,20.5,17.00725,20.360083
3120.2,20.5,16.968452,20.381464
3125.2,20.5,16.929755,20.402788
3130.2,20.5,16.891161,20.424057
3135.2,20.5,16.852667,20.44527
3140.2,20.5,16.814274,20.466427
3145.2,20.5,16.775981,20.487529
3150.1,20.5,16.775981,20.487529
3150.2,20.5,16.737789,20.508576
3155.2,20.5,16.699698,20.529568
3160.2,20.5,16.661705,20.550504
3165.2,20.5,16.623813,20.571386
3170.2,20.5,16.58602,20.592213
3175.2,20.5,16.548325,20.612985
3180.1,20.5,16.548325,20.612985
3180.2,20.5,16.51073,20.633703
3185.2,20.5,16.473233,20.654367
3190.2,20.5,16.435834,20.674976
3195.2,20.5,16.398533,20.695532
3200.2,20.5,16.36133,20.716034
3205.2,20.5,16.324225,20.736482
3210.1,20.5,16.324225,20.736482
3210.2,20.5,16.287217,20.756876
3215.2,20.5,16.250305,20.777217
3220.2,20.5,16.213491,20.797505
3225.2,20.5,16.176773,20.817739
3230.2,20.5,16.140151,20.83792
3235.2,20.5,16.103625,20.858049
3240.1,20.5,16.103625,20.858049
3240.2,20.5,16.067194,20.878125
3245.2,20.5,16.030859,20.898148
3250.2,20.5,15.99462,20.918119
3255.2,20.5,15.958475,20.938037
3260.2,20.5,15.922425,20.957904
3265.2,20.5,15.88647,20.977718
3270.1,20.5,15.88647,20.977718
3270.2,20.5,15.850608,20.928539
3275.2,20.5,15.814841,20.879467
3280.2,20.5,15.779168,20.830523
3285.2,20.5,15.743587,20.781707
3290.2,20.5,15.7081,20.733019
3295.2,20.5,15.672707,20.684459
3300.1,20.5,15.672707,20.684459
3300.2,20.5,15.637405,20.636026
3305.2,20.5,15.602197,20.58772
3310.2,20.5,15.56708,20.539541
3315.2,20.5,15.532056,20.491487
3320.2,20.5,15.497123,20.44356
3325.2,20.5,15.462282,20.395758
3330.1,20.5,15.462282,20.395758
3330.2,20.5,15.427532,20.348082
3335.2,20.5,15.392873,20.30053
3340.2,20.5,15.358305,20.253103
3345.2,20.5,15.323828,20.2058
3350.2,20.5,15.289441,20.158622
3355.2,20.5,15.255144,20.111566
3360.1,20.5,15.255144,20.111566
3360.2,20.5,15.220937,20.064634
3365.2,20.5,15.186819,20.017826
3370.2,20.5,15.152791,19.971139
3375.2,20.5,15.118852,19.924575
3380.2,20.5,15.085002,19.878133
3385.2,20.5,15.051241,19.831813
3390.1,20.5,15.051241,19.831813
3390.2,20.5,15.017568,19.854555
3395.2,20.5,14.983984,19.87726
3400.2,20.5,14.950487,19.899906
3405.2,20.5,14.917078,19.922492
3410.2,20.5,14.883757,19.945019
3415.2,20.5,14.850523,19.967488
3420.1,20.5,14.850523,19.967488
3420.2,20.5,14.817376,19.989897
3425.2,20.5,14.784316,20.012248
3430.2,20.5,14.751343,20.03454
3435.2,20.5,14.718456,20.056773
3440.2,20.5,14.685655,20.078948
3445.2,20.5,14.65294,20.101066
3450.1,20.5,14.65294,20.101066
3450.2,20.5,14.620311,20.123125
3455.2,20.5,14.587767,20.145127
3460.2,20.5,14.555309,20.16707
3465.2,20.5,14.522935,20.188957
3470.2,20.5,14.490647,20.210786
3475.2,20.5,14.458443,20.232558
3480.1,20.5,14.458443,20.232558
3480.2,20.5,14.426323,20.254272
3485.2,20.5,14.394288,20.27593
3490.2,20.5,14.362336,20.297531
3495.2,20.5,14.330468,20.319076
3500.2,20.5,14.298684,20.340564
3505.2,20.5,14.266983,20.361996
3510.1,20.5,14.266983,20.361996
3510.2,20.5,14.235365,20.383371
3515.2,20.5,14.20383,20.404691
3520.2,20.5,14.172378,20.425955
3525.2,20.5,14.141008,20.447163
3530.2,20.5,14.10972,20.468315
3535.2,20.5,14.078514,20.489412
3540.1,20.5,14.078514,20.489412
3540.2,20.5,14.04739,20.510454
3545.2,20.5,14.016347,20.53144
3550.2,20.5,13.985386,20.552372
3555.2,20.5,13.954506,20.573249
3560.2,20.5,13.923707,20.594071
3565.2,20.5,13.892989,20.614838
3570.1,20.5,13.892989,20.614838
3570.2,20.5,13.862351,20.635551
3575.2,20.5,13.831793,20.65621
3580.2,20.5,13.801315,20.676815
3585.2,20.5,13.770918,20.697366
3590.2,20.5,13.740599,20.717863
3595.2,20.5,13.710361,20.738306
3600.1,20.5,13.710361,20.738306
