Time,ThermostatTargetTemperature,POOSL,VDM,20sim,POOSL_compensated
0.1,20.5,16.999146,,,
0.1,20.5,,16.999146,,
0.1,,,,16.999146,
0.1,,,,,17.000665
5,20.5,16.961144,,,
5,20.5,,17.028707,,
5,,,,17.028707,
5,,,,,17.030245
10,20.5,16.922466,,,
10,20.5,,17.058816,,
10,,,,17.058816,
10,,,,,17.06035
15,20.5,16.883891,,,
15,20.5,,17.088847,,
15,,,,17.088847,
15,,,,,17.090377
15.1,,,,,17.090377
20,20.5,16.845493,,,
20,20.5,,17.118739,,
20,,,,17.118739,
20,,,,,17.051462
25,20.5,16.807119,,,
25,20.5,,17.148613,,
25,,,,17.148613,
25,,,,,17.012548
30,20.5,16.768845,,,
30,20.5,,17.178408,,
30,,,,17.178408,
30,,,,,16.973737
30.1,20.5,16.768845,,,
30.1,,,,,16.973737
35,20.5,16.730672,,,
35,,,17.208125,,
35,,,,17.208125,
35,,,,,17.003967
40,20.5,16.692598,,,
40,,,17.237764,,
40,,,,17.237764,
40,,,,,17.034141
45,20.5,16.654549,,,
45,,,17.267385,,
45,,,,17.267385,
45,,,,,17.064297
45.1,,,,,17.064297
50,20.5,16.616675,,,
50,,,17.296869,,
50,,,,17.296869,
50,,,,,17.094313
55,20.5,16.578901,,,
55,,,17.326276,,
55,,,,17.326276,
55,,,,,17.124251
60,20.5,16.541225,,,
60,,,17.355606,,
60,,,,17.355606,
60,,,,,17.15411
60.1,20.5,16.541225,,,
60.1,,,,,17.15411
65,20.5,16.572589,,,
65,,,17.384859,,
65,,,,17.384859,
65,,,,,17.183891
70,20.5,16.603894,,,
70,,,17.414035,,
70,,,,17.414035,
70,,,,,17.213593
75,20.5,16.635054,,,
75,,,17.443077,,
75,,,,17.443077,
75,,,,,17.243159
75.1,,,,,17.243159
80,20.5,16.666195,,,
80,,,17.472101,,
80,,,,17.472101,
80,,,,,17.272707
85,20.5,16.697254,,,
85,,,17.501048,,
85,,,,17.501048,
85,,,,,17.302177
90,20.5,16.728232,,,
90,,,17.52992,,
90,,,,17.52992,
90,,,,,17.33157
90.1,20.5,16.728232,,,
90.1,,,,,17.33157
95,20.5,16.759129,,,
95,,,17.558717,,
95,,,,17.558717,
95,,,,,17.360886
100,20.5,16.789945,,,
100,,,17.587437,,
100,,,,17.587437,
100,,,,,17.390125
105,20.5,16.82068,,,
105,,,17.616083,,
105,,,,17.616083,
105,,,,,17.419288
105.1,,,,,17.419288
110,20.5,16.851334,,,
110,,,17.644653,,
110,,,,17.644653,
110,,,,,17.448374
115,20.5,16.881909,,,
115,,,17.673149,,
115,,,,17.673149,
115,,,,,17.477384
120,20.5,16.912403,,,
120,,,17.70157,,
120,,,,17.70157,
120,,,,,17.506317
120.1,20.5,16.912403,,,
120.1,,,,,17.506317
125,20.5,16.942817,,,
125,,,17.729916,,
125,,,,17.729916,
125,,,,,17.535175
130,20.5,16.973151,,,
130,,,17.758188,,
130,,,,17.758188,
130,,,,,17.563958
135,20.5,17.003407,,,
135,,,17.786386,,
135,,,,17.786386,
135,,,,,17.592665
135.1,,,,,17.592665
140,20.5,17.033582,,,
140,,,17.814511,,
140,,,,17.814511,
140,,,,,17.621297
145,20.5,17.063679,,,
145,,,17.842561,,
145,,,,17.842561,
145,,,,,17.649854
150,20.5,17.093697,,,
150,,,17.870538,,
150,,,,17.870538,
150,,,,,17.678336
150.1,20.5,17.093697,,,
150.1,,,,,17.678336
155,20.5,17.123636,,,
155,,,17.898442,,
155,,,,17.898442,
155,,,,,17.706743
160,20.5,17.153556,,,
160,,,17.926328,,
160,,,,17.926328,
160,,,,,17.735132
165,20.5,17.183339,,,
165,,,17.954086,,
165,,,,17.954086,
165,,,,,17.763391
165.1,,,,,17.763391
170,20.5,17.213043,,,
170,,,17.981771,,
170,,,,17.981771,
170,,,,,17.791575
175,20.5,17.24267,,,
175,,,18.009383,,
175,,,,18.009383,
175,,,,,17.819686
180,20.5,17.272219,,,
180,,,18.036923,,
180,,,,18.036923,
180,,,,,17.847723
180.1,20.5,17.272219,,,
180.1,,,,,17.847723
185,20.5,17.30169,,,
185,,,18.06439,,
185,,,,18.06439,
185,,,,,17.875686
190,20.5,17.331084,,,
190,,,18.091786,,
190,,,,18.091786,
190,,,,,17.903577
195,20.5,17.360401,,,
195,,,18.11911,,
195,,,,18.11911,
195,,,,,17.931394
195.1,,,,,17.931394
200,20.5,17.389642,,,
200,,,18.146363,,
200,,,,18.146363,
200,,,,,17.959138
205,20.5,17.418806,,,
205,,,18.173544,,
205,,,,18.173544,
205,,,,,17.98681
210,20.5,17.447893,,,
210,,,18.200653,,
210,,,,18.200653,
210,,,,,18.014409
210.1,20.5,17.447893,,,
210.1,,,,,18.014409
215,20.5,17.476904,,,
215,,,18.227692,,
215,,,,18.227692,
215,,,,,18.041935
220,20.5,17.505839,,,
220,,,18.25466,,
220,,,,18.25466,
220,,,,,18.06939
225,20.5,17.534698,,,
225,,,18.281557,,
225,,,,18.281557,
225,,,,,18.096773
225.1,,,,,18.096773
230,20.5,17.563482,,,
230,,,18.308384,,
230,,,,18.308384,
230,,,,,18.124084
235,20.5,17.59219,,,
235,,,18.335141,,
235,,,,18.335141,
235,,,,,18.151323
240,20.5,17.620823,,,
240,,,18.361827,,
240,,,,18.361827,
240,,,,,18.178491
240.1,20.5,17.620823,,,
240.1,,,,,18.178491
245,20.5,17.649381,,,
245,,,18.388443,,
245,,,,18.388443,
245,,,,,18.205588
250,20.5,17.677865,,,
250,,,18.41499,,
250,,,,18.41499,
250,,,,,18.232614
255,20.5,17.706273,,,
255,,,18.441467,,
255,,,,18.441467,
255,,,,,18.259569
255.1,,,,,18.259569
260,20.5,17.734607,,,
260,,,18.467875,,
260,,,,18.467875,
260,,,,,18.286453
265,20.5,17.762867,,,
265,,,18.494214,,
265,,,,18.494214,
265,,,,,18.313267
270,20.5,17.791053,,,
270,,,18.520483,,
270,,,,18.520483,
270,,,,,18.340011
270.1,20.5,17.791053,,,
270.1,,,,,18.340011
275,20.5,17.819165,,,
275,,,18.546684,,
275,,,,18.546684,
275,,,,,18.366684
280,20.5,17.847203,,,
280,,,18.572816,,
280,,,,18.572816,
280,,,,,18.393288
285,20.5,17.875168,,,
285,,,18.59888,,
285,,,,18.59888,
285,,,,,18.419822
285.1,,,,,18.419822
290,20.5,17.90306,,,
290,,,18.624875,,
290,,,,18.624875,
290,,,,,18.446287
295,20.5,17.930878,,,
295,,,18.650802,,
295,,,,18.650802,
295,,,,,18.472682
300,20.5,17.958624,,,
300,,,18.676661,,
300,,,,18.676661,
300,,,,,18.499008
300.1,20.5,17.958624,,,
300.1,,,,,18.499008
305,20.5,17.986297,,,
305,,,18.702453,,
305,,,,18.702453,
305,,,,,18.525265
310,20.5,18.013897,,,
310,,,18.728177,,
310,,,,18.728177,
310,,,,,18.551453
315,20.5,18.041425,,,
315,,,18.753833,,
315,,,,18.753833,
315,,,,,18.577573
315.1,,,,,18.577573
320,20.5,18.068881,,,
320,,,18.779423,,
320,,,,18.779423,
320,,,,,18.603624
325,20.5,18.096265,,,
325,,,18.804945,,
325,,,,18.804945,
325,,,,,18.629607
330,20.5,18.123578,,,
330,,,18.8304,,
330,,,,18.8304,
330,,,,,18.655521
330.1,20.5,18.123578,,,
330.1,,,,,18.655521
335,20.5,18.150818,,,
335,,,18.855789,,
335,,,,18.855789,
335,,,,,18.681368
340,20.5,18.177988,,,
340,,,18.881111,,
340,,,,18.881111,
340,,,,,18.707147
345,20.5,18.205086,,,
345,,,18.906367,,
345,,,,18.906367,
345,,,,,18.732859
345.1,,,,,18.732859
350,20.5,18.232113,,,
350,,,18.931557,,
350,,,,18.931557,
350,,,,,18.758503
355,20.5,18.259069,,,
355,,,18.95668,,
355,,,,18.95668,
355,,,,,18.78408
360,20.5,18.285955,,,
360,,,18.981738,,
360,,,,18.981738,
360,,,,,18.809591
360.1,20.5,18.285955,,,
360.1,,,,,18.809591
365,20.5,18.31277,,,
365,,,19.00673,,
365,,,,19.00673,
365,,,,,18.835034
370,20.5,18.339515,,,
370,,,19.031657,,
370,,,,19.031657,
370,,,,,18.86041
375,20.5,18.36619,,,
375,,,19.056518,,
375,,,,19.056518,
375,,,,,18.88572
375.1,,,,,18.88572
380,20.5,18.392795,,,
380,,,19.081315,,
380,,,,19.081315,
380,,,,,18.910964
385,20.5,18.41933,,,
385,,,19.106046,,
385,,,,19.106046,
385,,,,,18.936142
390,20.5,18.445796,,,
390,,,19.130712,,
390,,,,19.130712,
390,,,,,18.961253
390.1,20.5,18.445796,,,
390.1,,,,,18.961253
395,20.5,18.472193,,,
395,,,19.155314,,
395,,,,19.155314,
395,,,,,18.986299
400,20.5,18.49852,,,
400,,,19.179851,,
400,,,,19.179851,
400,,,,,19.011279
405,20.5,18.524778,,,
405,,,19.204325,,
405,,,,19.204325,
405,,,,,19.036194
405.1,,,,,19.036194
410,20.5,18.550968,,,
410,,,19.228733,,
410,,,,19.228733,
410,,,,,19.061044
415,20.5,18.577089,,,
415,,,19.253078,,
415,,,,19.253078,
415,,,,,19.085828
420,20.5,18.603141,,,
420,,,19.27736,,
420,,,,19.27736,
420,,,,,19.110547
420.1,20.5,18.603141,,,
420.1,,,,,19.110547
425,20.5,18.629125,,,
425,,,19.301577,,
425,,,,19.301577,
425,,,,,19.135202
430,20.5,18.655041,,,
430,,,19.325731,,
430,,,,19.325731,
430,,,,,19.159792
435,20.5,18.680889,,,
435,,,19.349822,,
435,,,,19.349822,
435,,,,,19.184318
435.1,,,,,19.184318
440,20.5,18.70667,,,
440,,,19.37385,,
440,,,,19.37385,
440,,,,,19.208779
445,20.5,18.732383,,,
445,,,19.397815,,
445,,,,19.397815,
445,,,,,19.233176
450,20.5,18.758028,,,
450,,,19.421717,,
450,,,,19.421717,
450,,,,,19.25751
450.1,20.5,18.758028,,,
450.1,,,,,19.25751
455,20.5,18.783607,,,
455,,,19.445556,,
455,,,,19.445556,
455,,,,,19.281779
460,20.5,18.809118,,,
460,,,19.469333,,
460,,,,19.469333,
460,,,,,19.305985
465,20.5,18.834562,,,
465,,,19.493047,,
465,,,,19.493047,
465,,,,,19.330128
465.1,,,,,19.330128
470,20.5,18.85994,,,
470,,,19.5167,,
470,,,,19.5167,
470,,,,,19.354207
475,20.5,18.885251,,,
475,,,19.54029,,
475,,,,19.54029,
475,,,,,19.378223
480,20.5,18.910496,,,
480,,,19.563819,,
480,,,,19.563819,
480,,,,,19.402177
480.1,20.5,18.910496,,,
480.1,,,,,19.402177
485,20.5,18.935675,,,
485,,,19.587286,,
485,,,,19.587286,
485,,,,,19.426067
490,20.5,18.960788,,,
490,,,19.610691,,
490,,,,19.610691,
490,,,,,19.449895
495,20.5,18.985835,,,
495,,,19.634035,,
495,,,,19.634035,
495,,,,,19.473661
495.1,,,,,19.473661
500,20.5,19.010817,,,
500,,,19.657318,,
500,,,,19.657318,
500,,,,,19.497364
505,20.5,19.035732,,,
505,,,19.68054,,
505,,,,19.68054,
505,,,,,19.521005
510,20.5,19.060583,,,
510,,,19.703702,,
510,,,,19.703702,
510,,,,,19.544584
510.1,20.5,19.060583,,,
510.1,,,,,19.544584
515,20.5,19.085369,,,
515,,,19.726802,,
515,,,,19.726802,
515,,,,,19.568101
520,20.5,19.110089,,,
520,,,19.749842,,
520,,,,19.749842,
520,,,,,19.591557
525,20.5,19.134745,,,
525,,,19.772822,,
525,,,,19.772822,
525,,,,,19.614951
525.1,,,,,19.614951
530,20.5,19.159336,,,
530,,,19.795741,,
530,,,,19.795741,
530,,,,,19.638284
535,20.5,19.183863,,,
535,,,19.8186,,
535,,,,19.8186,
535,,,,,19.661556
540,20.5,19.208326,,,
540,,,19.8414,,
540,,,,19.8414,
540,,,,,19.684767
540.1,20.5,19.208326,,,
540.1,,,,,19.684767
545,20.5,19.232724,,,
545,,,19.864139,,
545,,,,19.864139,
545,,,,,19.707917
550,20.5,19.257059,,,
550,,,19.886819,,
550,,,,19.886819,
550,,,,,19.731007
555,20.5,19.28133,,,
555,,,19.90944,,
555,,,,19.90944,
555,,,,,19.754036
555.1,,,,,19.754036
560,20.5,19.305537,,,
560,,,19.932001,,
560,,,,19.932001,
560,,,,,19.777004
565,20.5,19.32968,,,
565,,,19.954504,,
565,,,,19.954504,
565,,,,,19.799913
570,20.5,19.353761,,,
570,,,19.976947,,
570,,,,19.976947,
570,,,,,19.822761
570.1,20.5,19.353761,,,
570.1,,,,,19.822761
575,20.5,19.377778,,,
575,,,19.999332,,
575,,,,19.999332,
575,,,,,19.84555
580,20.5,19.401733,,,
580,,,20.021657,,
580,,,,20.021657,
580,,,,,19.868278
585,20.5,19.425624,,,
585,,,20.043925,,
585,,,,20.043925,
585,,,,,19.890948
585.1,,,,,19.890948
590,20.5,19.449454,,,
590,,,20.066134,,
590,,,,20.066134,
590,,,,,19.913557
595,20.5,19.47322,,,
595,,,20.088285,,
595,,,,20.088285,
595,,,,,19.936108
600,20.5,19.496925,,,
600,,,20.110377,,
600,,,,20.110377,
600,,,,,19.9586
600.1,20.5,19.496925,,,
600.1,,,,,19.9586
605,20.5,19.520567,,,
605,,,20.132412,,
605,,,,20.132412,
605,,,,,19.981032
610,20.5,19.544147,,,
610,,,20.154389,,
610,,,,20.154389,
610,,,,,20.003406
615,20.5,19.567666,,,
615,,,20.176309,,
615,,,,20.176309,
615,,,,,20.025721
615.1,,,,,20.025721
620,20.5,19.591123,,,
620,,,20.198171,,
620,,,,20.198171,
620,,,,,20.047978
625,20.5,19.614518,,,
625,,,20.219976,,
625,,,,20.219976,
625,,,,,20.070176
630,20.5,19.637852,,,
630,,,20.241724,,
630,,,,20.241724,
630,,,,,20.092316
630.1,20.5,19.637852,,,
630.1,,,,,20.092316
635,20.5,19.661125,,,
635,,,20.263415,,
635,,,,20.263415,
635,,,,,20.114399
640,20.5,19.684337,,,
640,,,20.285048,,
640,,,,20.285048,
640,,,,,20.136423
645,20.5,19.707488,,,
645,,,20.306626,,
645,,,,20.306626,
645,,,,,20.15839
645.1,,,,,20.15839
650,20.5,19.730579,,,
650,,,20.328146,,
650,,,,20.328146,
650,,,,,20.180299
655,20.5,19.753609,,,
655,,,20.349611,,
655,,,,20.349611,
655,,,,,20.20215
660,20.5,19.776579,,,
660,,,20.371019,,
660,,,,20.371019,
660,,,,,20.223945
660.1,20.5,19.776579,,,
660.1,,,,,20.223945
665,20.5,19.799488,,,
665,,,20.392371,,
665,,,,20.392371,
665,,,,,20.245682
670,20.5,19.822338,,,
670,,,20.413667,,
670,,,,20.413667,
670,,,,,20.267363
675,20.5,19.845127,,,
675,,,20.434907,,
675,,,,20.434907,
675,,,,,20.288986
675.1,,,,,20.288986
680,20.5,19.867857,,,
680,,,20.456091,,
680,,,,20.456091,
680,,,,,20.310553
685,20.5,19.890528,,,
685,,,20.47722,,
685,,,,20.47722,
685,,,,,20.332063
690,20.5,19.913139,,,
690,,,20.498294,,
690,,,,20.498294,
690,,,,,20.353517
690.1,20.5,19.913139,,,
690.1,,,,,20.353517
695,20.5,19.93569,,,
695,,,20.519313,,
695,,,,20.519313,
695,,,,,20.374915
700,20.5,19.958183,,,
700,,,20.540276,,
700,,,,20.540276,
700,,,,,20.396257
705,20.5,19.980617,,,
705,,,20.561185,,
705,,,,20.561185,
705,,,,,20.417543
705.1,,,,,20.417543
710,20.5,20.002991,,,
710,,,20.582038,,
710,,,,20.582038,
710,,,,,20.438773
715,20.5,20.025308,,,
715,,,20.602837,,
715,,,,20.602837,
715,,,,,20.459947
720,20.5,20.047565,,,
720,,,20.623582,,
720,,,,20.623582,
720,,,,,20.481066
720.1,20.5,20.047565,,,
720.1,,,,,20.481066
725,20.5,20.069765,,,
725,,,20.644272,,
725,,,,20.644272,
725,,,,,20.50213
730,20.5,20.091906,,,
730,,,20.664908,,
730,,,,20.664908,
730,,,,,20.523138
735,20.5,20.11399,,,
735,,,20.68549,,
735,,,,20.68549,
735,,,,,20.544092
735.1,,,,,20.544092
740,20.5,20.136015,,,
740,,,20.706018,,
740,,,,20.706018,
740,,,,,20.56499
745,20.5,20.157983,,,
745,,,20.726492,,
745,,,,20.726492,
745,,,,,20.585834
750,20.5,20.179893,,,
750,,,20.746913,,
750,,,,20.746913,
750,,,,,20.606623
750.1,20.5,20.179893,,,
750.1,,,,,20.606623
755,20.5,20.201746,,,
755,,,20.76728,,
755,,,,20.76728,
755,,,,,20.627358
760,20.5,20.223541,,,
760,,,20.787593,,
760,,,,20.787593,
760,,,,,20.648038
765,20.5,20.245279,,,
765,,,20.807854,,
765,,,,20.807854,
765,,,,,20.668664
765.1,,,,,20.668664
770,20.5,20.266961,,,
770,,,20.828061,,
770,,,,20.828061,
770,,,,,20.689236
775,20.5,20.288586,,,
775,,,20.848216,,
775,,,,20.848216,
775,,,,,20.709754
780,20.5,20.310153,,,
780,,,20.868317,,
780,,,,20.868317,
780,,,,,20.730219
780.1,20.5,20.310153,,,
780.1,,,,,20.730219
785,20.5,20.331665,,,
785,,,20.819425,,
785,,,,20.819425,
785,,,,,20.75063
790,20.5,20.35312,,,
790,,,20.770639,,
790,,,,20.770639,
790,,,,,20.770987
795,20.5,20.374519,,,
795,,,20.72198,,
795,,,,20.72198,
795,,,,,20.791291
795.1,,,,,20.791291
800,20.5,20.395862,,,
800,,,20.673449,,
800,,,,20.673449,
800,,,,,20.811542
805,20.5,20.417149,,,
805,,,20.625045,,
805,,,,20.625045,
805,,,,,20.831739
810,20.5,20.43838,,,
810,,,20.576767,,
810,,,,20.576767,
810,,,,,20.851884
810.1,20.5,20.43838,,,
810.1,,,,,20.851884
815,20.5,20.459555,,,
815,,,20.528616,,
815,,,,20.528616,
815,,,,,20.871976
820,20.5,20.480675,,,
820,,,20.480592,,
820,,,,20.480592,
820,,,,,20.892015
825,20.5,20.50174,,,
825,,,20.432693,,
825,,,,20.432693,
825,,,,,20.912002
825.1,,,,,20.912002
830,20.5,20.522749,,,
830,,,20.38492,,
830,,,,20.38492,
830,,,,,20.862996
835,20.5,20.543704,,,
835,,,20.337272,,
835,,,,20.337272,
835,,,,,20.814095
840,20.5,20.564603,,,
840,,,20.289748,,
840,,,,20.289748,
840,,,,,20.765323
840.1,20.5,20.564603,,,
840.1,,,,,20.765323
845,20.5,20.585448,,,
845,,,20.24235,,
845,,,,20.24235,
845,,,,,20.716678
850,20.5,20.606238,,,
850,,,20.195075,,
850,,,,20.195075,
850,,,,,20.66816
855,20.5,20.626974,,,
855,,,20.147924,,
855,,,,20.147924,
855,,,,,20.61977
855.1,,,,,20.61977
860,20.5,20.647655,,,
860,,,20.100897,,
860,,,,20.100897,
860,,,,,20.571507
865,20.5,20.668282,,,
865,,,20.053993,,
865,,,,20.053993,
865,,,,,20.52337
870,20.5,20.688855,,,
870,,,20.007212,,
870,,,,20.007212,
870,,,,,20.475359
870.1,20.5,20.688855,,,
870.1,,,,,20.475359
875,20.5,20.709374,,,
875,,,20.029494,,
875,,,,20.029494,
875,,,,,20.427474
880,20.5,20.72984,,,
880,,,20.051741,,
880,,,,20.051741,
880,,,,,20.379714
885,20.5,20.750251,,,
885,,,20.07393,,
885,,,,20.07393,
885,,,,,20.332079
885.1,,,,,20.332079
890,20.5,20.77061,,,
890,,,20.09606,,
890,,,,20.09606,
890,,,,,20.28457
895,20.5,20.790915,,,
895,,,20.118133,,
895,,,,20.118133,
895,,,,,20.237185
900,20.5,20.811166,,,
900,,,20.140147,,
900,,,,20.140147,
900,,,,,20.189924
900.1,20.5,20.811166,,,
900.1,,,,,20.189924
905,20.5,20.831365,,,
905,,,20.162104,,
905,,,,20.162104,
905,,,,,20.142786
910,20.5,20.851511,,,
910,,,20.184003,,
910,,,,20.184003,
910,,,,,20.095773
915,20.5,20.871604,,,
915,,,20.205845,,
915,,,,20.205845,
915,,,,,20.048882
915.1,,,,,20.048882
920,20.5,20.891644,,,
920,,,20.22763,,
920,,,,20.22763,
920,,,,,20.071055
925,20.5,20.911632,,,
925,,,20.249358,,
925,,,,20.249358,
925,,,,,20.093193
930,20.5,20.931567,,,
930,,,20.271029,,
930,,,,20.271029,
930,,,,,20.115273
930.1,20.5,20.931567,,,
930.1,,,,,20.115273
935,20.5,20.88251,,,
935,,,20.292642,,
935,,,,20.292642,
935,,,,,20.137295
940,20.5,20.833558,,,
940,,,20.3142,,
940,,,,20.3142,
940,,,,,20.159259
945,20.5,20.784734,,,
945,,,20.335701,,
945,,,,20.335701,
945,,,,,20.181166
945.1,,,,,20.181166
950,20.5,20.736039,,,
950,,,20.357145,,
950,,,,20.357145,
950,,,,,20.203016
955,20.5,20.68747,,,
955,,,20.378533,,
955,,,,20.378533,
955,,,,,20.224808
960,20.5,20.63903,,,
960,,,20.399866,,
960,,,,20.399866,
960,,,,,20.246543
960.1,20.5,20.63903,,,
960.1,,,,,20.246543
965,20.5,20.590716,,,
965,,,20.421142,,
965,,,,20.421142,
965,,,,,20.268221
970,20.5,20.542528,,,
970,,,20.442363,,
970,,,,20.442363,
970,,,,,20.289842
975,20.5,20.494467,,,
975,,,20.463528,,
975,,,,20.463528,
975,,,,,20.311407
975.1,,,,,20.311407
980,20.5,20.446532,,,
980,,,20.484637,,
980,,,,20.484637,
980,,,,,20.332915
985,20.5,20.398722,,,
985,,,20.505692,,
985,,,,20.505692,
985,,,,,20.354367
990,20.5,20.351038,,,
990,,,20.526691,,
990,,,,20.526691,
990,,,,,20.375763
990.1,20.5,20.351038,,,
990.1,,,,,20.375763
995,20.5,20.303479,,,
995,,,20.547635,,
995,,,,20.547635,
995,,,,,20.397102
1000,20.5,20.256044,,,
1000,,,20.568524,,
1000,,,,20.568524,
1000,,,,,20.418386
1005,20.5,20.208734,,,
1005,,,20.589358,,
1005,,,,20.589358,
1005,,,,,20.439614
1005.1,,,,,20.439614
1010,20.5,20.161547,,,
1010,,,20.610138,,
1010,,,,20.610138,
1010,,,,,20.460786
1015,20.5,20.114484,,,
1015,,,20.630864,,
1015,,,,20.630864,
1015,,,,,20.481903
1020,20.5,20.067545,,,
1020,,,20.651535,,
1020,,,,20.651535,
1020,,,,,20.502964
1020.1,20.5,20.067545,,,
1020.1,,,,,20.502964
1025,20.5,20.020728,,,
1025,,,20.672152,,
1025,,,,20.672152,
1025,,,,,20.52397
1030,20.5,19.974034,,,
1030,,,20.692715,,
1030,,,,20.692715,
1030,,,,,20.544921
1035,20.5,19.927463,,,
1035,,,20.713224,,
1035,,,,20.713224,
1035,,,,,20.565818
1035.1,,,,,20.565818
1040,20.5,19.881013,,,
1040,,,20.733679,,
1040,,,,20.733679,
1040,,,,,20.586659
1045,20.5,19.834685,,,
1045,,,20.754081,,
1045,,,,20.754081,
1045,,,,,20.607446
1050,20.5,19.788479,,,
1050,,,20.774429,,
1050,,,,20.774429,
1050,,,,,20.628179
1050.1,20.5,19.788479,,,
1050.1,,,,,20.628179
1055,20.5,19.811334,,,
1055,,,20.794724,,
1055,,,,20.794724,
1055,,,,,20.648857
1060,20.5,19.834153,,,
1060,,,20.814966,,
1060,,,,20.814966,
1060,,,,,20.669481
1065,20.5,19.856912,,,
1065,,,20.835155,,
1065,,,,20.835155,
1065,,,,,20.690051
1065.1,,,,,20.690051
1070,20.5,19.879611,,,
1070,,,20.85529,,
1070,,,,20.85529,
1070,,,,,20.710567
1075,20.5,19.90225,,,
1075,,,20.875373,,
1075,,,,20.875373,
1075,,,,,20.731029
1080,20.5,19.92483,,,
1080,,,20.895404,,
1080,,,,20.895404,
1080,,,,,20.751438
1080.1,20.5,19.92483,,,
1080.1,,,,,20.751438
1085,20.5,19.947351,,,
1085,,,20.846441,,
1085,,,,20.846441,
1085,,,,,20.771793
1090,20.5,19.969813,,,
1090,,,20.797584,,
1090,,,,20.797584,
1090,,,,,20.792095
1095,20.5,19.992217,,,
1095,,,20.748854,,
1095,,,,20.748854,
1095,,,,,20.812343
1095.1,,,,,20.812343
1100,20.5,20.014561,,,
1100,,,20.700253,,
1100,,,,20.700253,
1100,,,,,20.832539
1105,20.5,20.036847,,,
1105,,,20.651778,,
1105,,,,20.651778,
1105,,,,,20.852682
1110,20.5,20.059075,,,
1110,,,20.603431,,
1110,,,,20.603431,
1110,,,,,20.872772
1110.1,20.5,20.059075,,,
1110.1,,,,,20.872772
1115,20.5,20.081244,,,
1115,,,20.55521,,
1115,,,,20.55521,
1115,,,,,20.823868
1120,20.5,20.103355,,,
1120,,,20.507116,,
1120,,,,20.507116,
1120,,,,,20.77507
1125,20.5,20.125409,,,
1125,,,20.459148,,
1125,,,,20.459148,
1125,,,,,20.7264
1125.1,,,,,20.7264
1130,20.5,20.147404,,,
1130,,,20.411305,,
1130,,,,20.411305,
1130,,,,,20.677857
1135,20.5,20.169342,,,
1135,,,20.363588,,
1135,,,,20.363588,
1135,,,,,20.629441
1140,20.5,20.191222,,,
1140,,,20.315995,,
1140,,,,20.315995,
1140,,,,,20.581152
1140.1,20.5,20.191222,,,
1140.1,,,,,20.581152
1145,20.5,20.213045,,,
1145,,,20.268528,,
1145,,,,20.268528,
1145,,,,,20.53299
1150,20.5,20.234811,,,
1150,,,20.221185,,
1150,,,,20.221185,
1150,,,,,20.484954
1155,20.5,20.25652,,,
1155,,,20.173966,,
1155,,,,20.173966,
1155,,,,,20.437043
1155.1,,,,,20.437043
1160,20.5,20.278172,,,
1160,,,20.12687,,
1160,,,,20.12687,
1160,,,,,20.389259
1165,20.5,20.299767,,,
1165,,,20.079898,,
1165,,,,20.079898,
1165,,,,,20.341599
1170,20.5,20.321306,,,
1170,,,20.033049,,
1170,,,,20.033049,
1170,,,,,20.294065
1170.1,20.5,20.321306,,,
1170.1,,,,,20.294065
1175,20.5,20.342788,,,
1175,,,20.055264,,
1175,,,,20.055264,
1175,,,,,20.246655
1180,20.5,20.364214,,,
1180,,,20.077443,,
1180,,,,20.077443,
1180,,,,,20.199369
1185,20.5,20.385584,,,
1185,,,20.099564,,
1185,,,,20.099564,
1185,,,,,20.152207
1185.1,,,,,20.152207
1190,20.5,20.406898,,,
1190,,,20.121628,,
1190,,,,20.121628,
1190,,,,,20.105168
1195,20.5,20.428156,,,
1195,,,20.143633,,
1195,,,,20.143633,
1195,,,,,20.058253
1200,20.5,20.449358,,,
1200,,,20.165581,,
1200,,,,20.165581,
1200,,,,,20.011461
1200.1,20.5,20.449358,,,
1200.1,,,,,20.011461
1205,20.5,20.470505,,,
1205,,,20.187471,,
1205,,,,20.187471,
1205,,,,,20.033732
1210,20.5,20.491596,,,
1210,,,20.209304,,
1210,,,,20.209304,
1210,,,,,20.055968
1215,20.5,20.512632,,,
1215,,,20.23108,,
1215,,,,20.23108,
1215,,,,,20.078145
1215.1,,,,,20.078145
1220,20.5,20.533613,,,
1220,,,20.252798,,
1220,,,,20.252798,
1220,,,,,20.100265
1225,20.5,20.554539,,,
1225,,,20.27446,,
1225,,,,20.27446,
1225,,,,,20.122326
1230,20.5,20.57541,,,
1230,,,20.296065,,
1230,,,,20.296065,
1230,,,,,20.14433
1230.1,20.5,20.57541,,,
1230.1,,,,,20.14433
1235,20.5,20.596226,,,
1235,,,20.317613,,
1235,,,,20.317613,
1235,,,,,20.166276
1240,20.5,20.616988,,,
1240,,,20.339105,,
1240,,,,20.339105,
1240,,,,,20.188164
1245,20.5,20.637696,,,
1245,,,20.360541,,
1245,,,,20.360541,
1245,,,,,20.209995
1245.1,,,,,20.209995
1250,20.5,20.658349,,,
1250,,,20.38192,,
1250,,,,20.38192,
1250,,,,,20.231769
1255,20.5,20.678948,,,
1255,,,20.403244,,
1255,,,,20.403244,
1255,,,,,20.253486
1260,20.5,20.699493,,,
1260,,,20.424511,,
1260,,,,20.424511,
1260,,,,,20.275146
1260.1,20.5,20.699493,,,
1260.1,,,,,20.275146
1265,20.5,20.719984,,,
1265,,,20.445723,,
1265,,,,20.445723,
1265,,,,,20.296749
1270,20.5,20.740422,,,
1270,,,20.466879,,
1270,,,,20.466879,
1270,,,,,20.318296
1275,20.5,20.760806,,,
1275,,,20.48798,,
1275,,,,20.48798,
1275,,,,,20.339786
1275.1,,,,,20.339786
1280,20.5,20.781137,,,
1280,,,20.509025,,
1280,,,,20.509025,
1280,,,,,20.361219
1285,20.5,20.801414,,,
1285,,,20.530016,,
1285,,,,20.530016,
1285,,,,,20.382597
1290,20.5,20.821638,,,
1290,,,20.550951,,
1290,,,,20.550951,
1290,,,,,20.403919
1290.1,20.5,20.821638,,,
1290.1,,,,,20.403919
1295,20.5,20.84181,,,
1295,,,20.571832,,
1295,,,,20.571832,
1295,,,,,20.425184
1300,20.5,20.861928,,,
1300,,,20.592657,,
1300,,,,20.592657,
1300,,,,,20.446394
1305,20.5,20.881994,,,
1305,,,20.613429,,
1305,,,,20.613429,
1305,,,,,20.467549
1305.1,,,,,20.467549
1310,20.5,20.902007,,,
1310,,,20.634146,,
1310,,,,20.634146,
1310,,,,,20.488648
1315,20.5,20.921967,,,
1315,,,20.654808,,
1315,,,,20.654808,
1315,,,,,20.509692
1320,20.5,20.941876,,,
1320,,,20.675416,,
1320,,,,20.675416,
1320,,,,,20.53068
1320.1,20.5,20.941876,,,
1320.1,,,,,20.53068
1325,20.5,20.892791,,,
1325,,,20.695971,,
1325,,,,20.695971,
1325,,,,,20.551614
1330,20.5,20.843812,,,
1330,,,20.716471,,
1330,,,,20.716471,
1330,,,,,20.572493
1335,20.5,20.794962,,,
1335,,,20.736918,,
1335,,,,20.736918,
1335,,,,,20.593317
1335.1,,,,,20.593317
1340,20.5,20.746239,,,
1340,,,20.757311,,
1340,,,,20.757311,
1340,,,,,20.614086
1345,20.5,20.697645,,,
1345,,,20.777651,,
1345,,,,20.777651,
1345,,,,,20.634801
1350,20.5,20.649177,,,
1350,,,20.797938,,
1350,,,,20.797938,
1350,,,,,20.655462
1350.1,20.5,20.649177,,,
1350.1,,,,,20.655462
1355,20.5,20.600836,,,
1355,,,20.818171,,
1355,,,,20.818171,
1355,,,,,20.676069
1360,20.5,20.552623,,,
1360,,,20.838351,,
1360,,,,20.838351,
1360,,,,,20.696621
1365,20.5,20.504535,,,
1365,,,20.858479,,
1365,,,,20.858479,
1365,,,,,20.71712
1365.1,,,,,20.71712
1370,20.5,20.456573,,,
1370,,,20.878554,,
1370,,,,20.878554,
1370,,,,,20.737565
1375,20.5,20.408738,,,
1375,,,20.898576,,
1375,,,,20.898576,
1375,,,,,20.757957
1380,20.5,20.361027,,,
1380,,,20.918545,,
1380,,,,20.918545,
1380,,,,,20.778295
1380.1,20.5,20.361027,,,
1380.1,,,,,20.778295
1385,20.5,20.313442,,,
1385,,,20.869522,,
1385,,,,20.869522,
1385,,,,,20.79858
1390,20.5,20.265981,,,
1390,,,20.820604,,
1390,,,,20.820604,
1390,,,,,20.818812
1395,20.5,20.218644,,,
1395,,,20.771814,,
1395,,,,20.771814,
1395,,,,,20.83899
1395.1,,,,,20.83899
1400,20.5,20.171432,,,
1400,,,20.723152,,
1400,,,,20.723152,
1400,,,,,20.859116
1405,20.5,20.124343,,,
1405,,,20.674618,,
1405,,,,20.674618,
1405,,,,,20.879189
1410,20.5,20.077378,,,
1410,,,20.626211,,
1410,,,,20.626211,
1410,,,,,20.899209
1410.1,20.5,20.077378,,,
1410.1,,,,,20.899209
1415,20.5,20.030535,,,
1415,,,20.577931,,
1415,,,,20.577931,
1415,,,,,20.850237
1420,20.5,19.983816,,,
1420,,,20.529777,,
1420,,,,20.529777,
1420,,,,,20.801369
1425,20.5,19.937219,,,
1425,,,20.481749,,
1425,,,,20.481749,
1425,,,,,20.75263
1425.1,,,,,20.75263
1430,20.5,19.890744,,,
1430,,,20.433847,,
1430,,,,20.433847,
1430,,,,,20.704018
1435,20.5,19.84439,,,
1435,,,20.386071,,
1435,,,,20.386071,
1435,,,,,20.655534
1440,20.5,19.798158,,,
1440,,,20.33842,,
1440,,,,20.33842,
1440,,,,,20.607177
1440.1,20.5,19.798158,,,
1440.1,,,,,20.607177
1445,20.5,19.820988,,,
1445,,,20.290893,,
1445,,,,20.290893,
1445,,,,,20.558947
1450,20.5,19.843782,,,
1450,,,20.243492,,
1450,,,,20.243492,
1450,,,,,20.510842
1455,20.5,19.866515,,,
1455,,,20.196214,,
1455,,,,20.196214,
1455,,,,,20.462864
1455.1,,,,,20.462864
1460,20.5,19.889189,,,
1460,,,20.14906,,
1460,,,,20.14906,
1460,,,,,20.415012
1465,20.5,19.911803,,,
1465,,,20.10203,,
1465,,,,20.10203,
1465,,,,,20.367285
1470,20.5,19.934359,,,
1470,,,20.055123,,
1470,,,,20.055123,
1470,,,,,20.319683
1470.1,20.5,19.934359,,,
1470.1,,,,,20.319683
1475,20.5,19.956855,,,
1475,,,20.07728,,
1475,,,,20.07728,
1475,,,,,20.272206
1480,20.5,19.979292,,,
1480,,,20.099402,,
1480,,,,20.099402,
1480,,,,,20.224853
1485,20.5,20.00167,,,
1485,,,20.121465,,
1485,,,,20.121465,
1485,,,,,20.177624
1485.1,,,,,20.177624
1490,20.5,20.02399,,,
1490,,,20.143471,,
1490,,,,20.143471,
1490,,,,,20.130519
1495,20.5,20.046251,,,
1495,,,20.165419,,
1495,,,,20.165419,
1495,,,,,20.083538
1500,20.5,20.068454,,,
1500,,,20.18731,,
1500,,,,20.18731,
1500,,,,,20.036679
1500.1,20.5,20.068454,,,
1500.1,,,,,20.036679
1505,20.5,20.090599,,,
1505,,,20.209143,,
1505,,,,20.209143,
1505,,,,,20.058884
1510,20.5,20.112685,,,
1510,,,20.230919,,
1510,,,,20.230919,
1510,,,,,20.081054
1515,20.5,20.134714,,,
1515,,,20.252638,,
1515,,,,20.252638,
1515,,,,,20.103166
1515.1,,,,,20.103166
1520,20.5,20.156685,,,
1520,,,20.274301,,
1520,,,,20.274301,
1520,,,,,20.12522
1525,20.5,20.178599,,,
1525,,,20.295906,,
1525,,,,20.295906,
1525,,,,,20.147216
1530,20.5,20.200455,,,
1530,,,20.317455,,
1530,,,,20.317455,
1530,,,,,20.169154
1530.1,20.5,20.200455,,,
1530.1,,,,,20.169154
1535,20.5,20.222254,,,
1535,,,20.338947,,
1535,,,,20.338947,
1535,,,,,20.191035
1540,20.5,20.243996,,,
1540,,,20.360383,,
1540,,,,20.360383,
1540,,,,,20.212859
1545,20.5,20.265681,,,
1545,,,20.381763,,
1545,,,,20.381763,
1545,,,,,20.234625
1545.1,,,,,20.234625
1550,20.5,20.287309,,,
1550,,,20.403087,,
1550,,,,20.403087,
1550,,,,,20.256334
1555,20.5,20.30888,,,
1555,,,20.424355,,
1555,,,,20.424355,
1555,,,,,20.277987
1560,20.5,20.330395,,,
1560,,,20.445567,,
1560,,,,20.445567,
1560,,,,,20.299583
1560.1,20.5,20.330395,,,
1560.1,,,,,20.299583
1565,20.5,20.351853,,,
1565,,,20.466723,,
1565,,,,20.466723,
1565,,,,,20.321122
1570,20.5,20.373255,,,
1570,,,20.487825,,
1570,,,,20.487825,
1570,,,,,20.342604
1575,20.5,20.394601,,,
1575,,,20.508871,,
1575,,,,20.508871,
1575,,,,,20.364031
1575.1,,,,,20.364031
1580,20.5,20.415891,,,
1580,,,20.529861,,
1580,,,,20.529861,
1580,,,,,20.385401
1585,20.5,20.437126,,,
1585,,,20.550797,,
1585,,,,20.550797,
1585,,,,,20.406715
1590,20.5,20.458305,,,
1590,,,20.571678,,
1590,,,,20.571678,
1590,,,,,20.427974
1590.1,20.5,20.458305,,,
1590.1,,,,,20.427974
1595,20.5,20.479428,,,
1595,,,20.592504,,
1595,,,,20.592504,
1595,,,,,20.449176
1600,20.5,20.500496,,,
1600,,,20.613276,,
1600,,,,20.613276,
1600,,,,,20.470324
1605,20.5,20.521509,,,
1605,,,20.633993,,
1605,,,,20.633993,
1605,,,,,20.491415
1605.1,,,,,20.491415
1610,20.5,20.542466,,,
1610,,,20.654656,,
1610,,,,20.654656,
1610,,,,,20.512452
1615,20.5,20.563369,,,
1615,,,20.675265,,
1615,,,,20.675265,
1615,,,,,20.533433
1620,20.5,20.584217,,,
1620,,,20.69582,,
1620,,,,20.69582,
1620,,,,,20.55436
1620.1,20.5,20.584217,,,
1620.1,,,,,20.55436
1625,20.5,20.60501,,,
1625,,,20.71632,,
1625,,,,20.71632,
1625,,,,,20.575231
1630,20.5,20.625749,,,
1630,,,20.736768,,
1630,,,,20.736768,
1630,,,,,20.596048
1635,20.5,20.646434,,,
1635,,,20.757161,,
1635,,,,20.757161,
1635,,,,,20.616811
1635.1,,,,,20.616811
1640,20.5,20.667064,,,
1640,,,20.777501,,
1640,,,,20.777501,
1640,,,,,20.637518
1645,20.5,20.68764,,,
1645,,,20.797788,,
1645,,,,20.797788,
1645,,,,,20.658172
1650,20.5,20.708163,,,
1650,,,20.818022,,
1650,,,,20.818022,
1650,,,,,20.678772
1650.1,20.5,20.708163,,,
1650.1,,,,,20.678772
1655,20.5,20.728631,,,
1655,,,20.838203,,
1655,,,,20.838203,
1655,,,,,20.699317
1660,20.5,20.749046,,,
1660,,,20.858331,,
1660,,,,20.858331,
1660,,,,,20.719809
1665,20.5,20.769407,,,
1665,,,20.878406,,
1665,,,,20.878406,
1665,,,,,20.740247
1665.1,,,,,20.740247
1670,20.5,20.789716,,,
1670,,,20.898428,,
1670,,,,20.898428,
1670,,,,,20.760632
1675,20.5,20.80997,,,
1675,,,20.918398,,
1675,,,,20.918398,
1675,,,,,20.780963
1680,20.5,20.830172,,,
1680,,,20.938316,,
1680,,,,20.938316,
1680,,,,,20.801241
1680.1,20.5,20.830172,,,
1680.1,,,,,20.801241
1685,20.5,20.850321,,,
1685,,,20.889241,,
1685,,,,20.889241,
1685,,,,,20.821465
1690,20.5,20.870417,,,
1690,,,20.840271,,
1690,,,,20.840271,
1690,,,,,20.841637
1695,20.5,20.890461,,,
1695,,,20.79143,,
1695,,,,20.79143,
1695,,,,,20.861756
1695.1,,,,,20.861756
1700,20.5,20.910452,,,
1700,,,20.742717,,
1700,,,,20.742717,
1700,,,,,20.881822
1705,20.5,20.93039,,,
1705,,,20.694131,,
1705,,,,20.694131,
1705,,,,,20.901835
1710,20.5,20.950276,,,
1710,,,20.645673,,
1710,,,,20.645673,
1710,,,,,20.921797
1710.1,20.5,20.950276,,,
1710.1,,,,,20.921797
1715,20.5,20.90117,,,
1715,,,20.597341,,
1715,,,,20.597341,
1715,,,,,20.872765
1720,20.5,20.852169,,,
1720,,,20.549137,,
1720,,,,20.549137,
1720,,,,,20.823838
1725,20.5,20.803297,,,
1725,,,20.501058,,
1725,,,,20.501058,
1725,,,,,20.77504
1725.1,,,,,20.77504
1730,20.5,20.754552,,,
1730,,,20.453106,,
1730,,,,20.453106,
1730,,,,,20.72637
1735,20.5,20.705936,,,
1735,,,20.405279,,
1735,,,,20.405279,
1735,,,,,20.677827
1740,20.5,20.657446,,,
1740,,,20.357578,,
1740,,,,20.357578,
1740,,,,,20.629411
1740.1,20.5,20.657446,,,
1740.1,,,,,20.629411
1745,20.5,20.609084,,,
1745,,,20.310001,,
1745,,,,20.310001,
1745,,,,,20.581123
1750,20.5,20.560849,,,
1750,,,20.262549,,
1750,,,,20.262549,
1750,,,,,20.53296
1755,20.5,20.51274,,,
1755,,,20.215222,,
1755,,,,20.215222,
1755,,,,,20.484924
1755.1,,,,,20.484924
1760,20.5,20.464757,,,
1760,,,20.168018,,
1760,,,,20.168018,
1760,,,,,20.437014
1765,20.5,20.416899,,,
1765,,,20.120939,,
1765,,,,20.120939,
1765,,,,,20.38923
1770,20.5,20.369167,,,
1770,,,20.073982,,
1770,,,,20.073982,
1770,,,,,20.34157
1770.1,20.5,20.369167,,,
1770.1,,,,,20.34157
1775,20.5,20.321561,,,
1775,,,20.096089,,
1775,,,,20.096089,
1775,,,,,20.294036
1780,20.5,20.274078,,,
1780,,,20.118162,,
1780,,,,20.118162,
1780,,,,,20.246626
1785,20.5,20.226721,,,
1785,,,20.140176,,
1785,,,,20.140176,
1785,,,,,20.19934
1785.1,,,,,20.19934
1790,20.5,20.179487,,,
1790,,,20.162133,,
1790,,,,20.162133,
1790,,,,,20.152178
1795,20.5,20.132377,,,
1795,,,20.184032,,
1795,,,,20.184032,
1795,,,,,20.10514
1800,20.5,20.085391,,,
1800,,,20.205874,,
1800,,,,20.205874,
1800,,,,,20.058225
1800.1,20.5,20.085391,,,
1800.1,,,,,20.058225
1805,20.5,20.038528,,,
1805,,,20.227659,,
1805,,,,20.227659,
1805,,,,,20.011433
1810,20.5,19.991787,,,
1810,,,20.249387,,
1810,,,,20.249387,
1810,,,,,19.964763
1815,20.5,19.945169,,,
1815,,,20.271057,,
1815,,,,20.271057,
1815,,,,,19.918216
1815.1,,,,,19.918216
1820,20.5,19.898673,,,
1820,,,20.292671,,
1820,,,,20.292671,
1820,,,,,19.940731
1825,20.5,19.852299,,,
1825,,,20.314228,,
1825,,,,20.314228,
1825,,,,,19.963211
1830,20.5,19.806046,,,
1830,,,20.335729,,
1830,,,,20.335729,
1830,,,,,19.985631
1830.1,20.5,19.806046,,,
1830.1,,,,,19.985631
1835,20.5,19.828856,,,
1835,,,20.357173,,
1835,,,,20.357173,
1835,,,,,20.007993
1840,20.5,19.851628,,,
1840,,,20.378562,,
1840,,,,20.378562,
1840,,,,,20.030296
1845,20.5,19.874341,,,
1845,,,20.399894,,
1845,,,,20.399894,
1845,,,,,20.052541
1845.1,,,,,20.052541
1850,20.5,19.896995,,,
1850,,,20.42117,,
1850,,,,20.42117,
1850,,,,,20.074727
1855,20.5,19.919589,,,
1855,,,20.442391,,
1855,,,,20.442391,
1855,,,,,20.096855
1860,20.5,19.942123,,,
1860,,,20.463556,,
1860,,,,20.463556,
1860,,,,,20.118926
1860.1,20.5,19.942123,,,
1860.1,,,,,20.118926
1865,20.5,19.964599,,,
1865,,,20.484665,,
1865,,,,20.484665,
1865,,,,,20.140938
1870,20.5,19.987016,,,
1870,,,20.505719,,
1870,,,,20.505719,
1870,,,,,20.162893
1875,20.5,20.009374,,,
1875,,,20.526718,,
1875,,,,20.526718,
1875,,,,,20.18479
1875.1,,,,,20.18479
1880,20.5,20.031674,,,
1880,,,20.547662,,
1880,,,,20.547662,
1880,,,,,20.20663
1885,20.5,20.053915,,,
1885,,,20.568552,,
1885,,,,20.568552,
1885,,,,,20.228413
1890,20.5,20.076098,,,
1890,,,20.589386,,
1890,,,,20.589386,
1890,,,,,20.250139
1890.1,20.5,20.076098,,,
1890.1,,,,,20.250139
1895,20.5,20.098222,,,
1895,,,20.610166,,
1895,,,,20.610166,
1895,,,,,20.271807
1900,20.5,20.120289,,,
1900,,,20.630891,,
1900,,,,20.630891,
1900,,,,,20.293419
1905,20.5,20.142298,,,
1905,,,20.651562,,
1905,,,,20.651562,
1905,,,,,20.314975
1905.1,,,,,20.314975
1910,20.5,20.164249,,,
1910,,,20.672179,,
1910,,,,20.672179,
1910,,,,,20.336473
1915,20.5,20.186143,,,
1915,,,20.692742,,
1915,,,,20.692742,
1915,,,,,20.357916
1920,20.5,20.207979,,,
1920,,,20.713251,,
1920,,,,20.713251,
1920,,,,,20.379302
1920.1,20.5,20.207979,,,
1920.1,,,,,20.379302
1925,20.5,20.229759,,,
1925,,,20.733706,,
1925,,,,20.733706,
1925,,,,,20.400632
1930,20.5,20.251481,,,
1930,,,20.754108,,
1930,,,,20.754108,
1930,,,,,20.421907
1935,20.5,20.273146,,,
1935,,,20.774456,,
1935,,,,20.774456,
1935,,,,,20.443125
1935.1,,,,,20.443125
1940,20.5,20.294754,,,
1940,,,20.794751,,
1940,,,,20.794751,
1940,,,,,20.464288
1945,20.5,20.316306,,,
1945,,,20.814993,,
1945,,,,20.814993,
1945,,,,,20.485396
1950,20.5,20.337801,,,
1950,,,20.835181,,
1950,,,,20.835181,
1950,,,,,20.506448
1950.1,20.5,20.337801,,,
1950.1,,,,,20.506448
1955,20.5,20.35924,,,
1955,,,20.786376,,
1955,,,,20.786376,
1955,,,,,20.527445
1960,20.5,20.380623,,,
1960,,,20.737676,,
1960,,,,20.737676,
1960,,,,,20.548387
1965,20.5,20.40195,,,
1965,,,20.689104,,
1965,,,,20.689104,
1965,,,,,20.569275
1965.1,,,,,20.569275
1970,20.5,20.423221,,,
1970,,,20.640659,,
1970,,,,20.640659,
1970,,,,,20.590107
1975,20.5,20.444436,,,
1975,,,20.59234,,
1975,,,,20.59234,
1975,,,,,20.610885
1980,20.5,20.465596,,,
1980,,,20.544149,,
1980,,,,20.544149,
1980,,,,,20.631609
1980.1,20.5,20.465596,,,
1980.1,,,,,20.631609
1985,20.5,20.4867,,,
1985,,,20.496083,,
1985,,,,20.496083,
1985,,,,,20.652278
1990,20.5,20.507749,,,
1990,,,20.448144,,
1990,,,,20.448144,
1990,,,,,20.672893
1995,20.5,20.528742,,,
1995,,,20.40033,,
1995,,,,20.40033,
1995,,,,,20.693454
1995.1,,,,,20.693454
2000,20.5,20.549681,,,
2000,,,20.352642,,
2000,,,,20.352642,
2000,,,,,20.713961
2005,20.5,20.570565,,,
2005,,,20.305078,,
2005,,,,20.305078,
2005,,,,,20.734414
2010,20.5,20.591394,,,
2010,,,20.257639,,
2010,,,,20.257639,
2010,,,,,20.754814
2010.1,20.5,20.591394,,,
2010.1,,,,,20.754814
2015,20.5,20.612168,,,
2015,,,20.210325,,
2015,,,,20.210325,
2015,,,,,20.77516
2020,20.5,20.632889,,,
2020,,,20.163134,,
2020,,,,20.163134,
2020,,,,,20.795453
2025,20.5,20.653554,,,
2025,,,20.116067,,
2025,,,,20.116067,
2025,,,,,20.815693
2025.1,,,,,20.815693
2030,20.5,20.674166,,,
2030,,,20.069123,,
2030,,,,20.069123,
2030,,,,,20.83588
2035,20.5,20.694724,,,
2035,,,20.022303,,
2035,,,,20.022303,
2035,,,,,20.856014
2040,20.5,20.715228,,,
2040,,,19.975605,,
2040,,,,19.975605,
2040,,,,,20.876095
2040.1,20.5,20.715228,,,
2040.1,,,,,20.876095
2045,20.5,20.735678,,,
2045,,,19.99797,,
2045,,,,19.99797,
2045,,,,,20.827183
2050,20.5,20.756074,,,
2050,,,20.020299,,
2050,,,,20.020299,
2050,,,,,20.778376
2055,20.5,20.776417,,,
2055,,,20.04257,,
2055,,,,20.04257,
2055,,,,,20.729697
2055.1,,,,,20.729697
2060,20.5,20.796707,,,
2060,,,20.064783,,
2060,,,,20.064783,
2060,,,,,20.681145
2065,20.5,20.816943,,,
2065,,,20.086937,,
2065,,,,20.086937,
2065,,,,,20.632721
2070,20.5,20.837127,,,
2070,,,20.109033,,
2070,,,,20.109033,
2070,,,,,20.584424
2070.1,20.5,20.837127,,,
2070.1,,,,,20.584424
2075,20.5,20.857258,,,
2075,,,20.131072,,
2075,,,,20.131072,
2075,,,,,20.536253
2080,20.5,20.877336,,,
2080,,,20.153052,,
2080,,,,20.153052,
2080,,,,,20.488208
2085,20.5,20.897361,,,
2085,,,20.174975,,
2085,,,,20.174975,
2085,,,,,20.440289
2085.1,,,,,20.440289
2090,20.5,20.917334,,,
2090,,,20.196841,,
2090,,,,20.196841,
2090,,,,,20.392496
2095,20.5,20.937254,,,
2095,,,20.218649,,
2095,,,,20.218649,
2095,,,,,20.344828
2100,20.5,20.957123,,,
2100,,,20.240401,,
2100,,,,20.240401,
2100,,,,,20.297285
2100.1,20.5,20.957123,,,
2100.1,,,,,20.297285
2105,20.5,20.907998,,,
2105,,,20.262095,,
2105,,,,20.262095,
2105,,,,,20.249867
2110,20.5,20.858979,,,
2110,,,20.283732,,
2110,,,,20.283732,
2110,,,,,20.202572
2115,20.5,20.810089,,,
2115,,,20.305313,,
2115,,,,20.305313,
2115,,,,,20.155402
2115.1,,,,,20.155402
2120,20.5,20.761327,,,
2120,,,20.326837,,
2120,,,,20.326837,
2120,,,,,20.108355
2125,20.5,20.712693,,,
2125,,,20.348305,,
2125,,,,20.348305,
2125,,,,,20.061432
2130,20.5,20.664282,,,
2130,,,20.369673,,
2130,,,,20.369673,
2130,,,,,20.014725
2130.1,20.5,20.664282,,,
2130.1,,,,,20.014725
2135,20.5,20.615902,,,
2135,,,20.391029,,
2135,,,,20.391029,
2135,,,,,20.036987
2140,20.5,20.567649,,,
2140,,,20.412328,,
2140,,,,20.412328,
2140,,,,,20.059215
2145,20.5,20.519522,,,
2145,,,20.433572,,
2145,,,,20.433572,
2145,,,,,20.081384
2145.1,,,,,20.081384
2150,20.5,20.471521,,,
2150,,,20.45476,,
2150,,,,20.45476,
2150,,,,,20.103494
2155,20.5,20.423646,,,
2155,,,20.475893,,
2155,,,,20.475893,
2155,,,,,20.125547
2160,20.5,20.375897,,,
2160,,,20.49697,,
2160,,,,20.49697,
2160,,,,,20.147542
2160.1,20.5,20.375897,,,
2160.1,,,,,20.147542
2165,20.5,20.328272,,,
2165,,,20.517992,,
2165,,,,20.517992,
2165,,,,,20.16948
2170,20.5,20.280772,,,
2170,,,20.538959,,
2170,,,,20.538959,
2170,,,,,20.19136
2175,20.5,20.233397,,,
2175,,,20.559871,,
2175,,,,20.559871,
2175,,,,,20.213183
2175.1,,,,,20.213183
2180,20.5,20.186146,,,
2180,,,20.580728,,
2180,,,,20.580728,
2180,,,,,20.234948
2185,20.5,20.139019,,,
2185,,,20.60153,,
2185,,,,20.60153,
2185,,,,,20.256657
2190,20.5,20.092015,,,
2190,,,20.622278,,
2190,,,,20.622278,
2190,,,,,20.278308
2190.1,20.5,20.092015,,,
2190.1,,,,,20.278308
2195,20.5,20.045134,,,
2195,,,20.642972,,
2195,,,,20.642972,
2195,,,,,20.299903
2200,20.5,19.998376,,,
2200,,,20.663611,,
2200,,,,20.663611,
2200,,,,,20.321442
2205,20.5,19.951741,,,
2205,,,20.684197,,
2205,,,,20.684197,
2205,,,,,20.342923
2205.1,,,,,20.342923
2210,20.5,19.905228,,,
2210,,,20.704728,,
2210,,,,20.704728,
2210,,,,,20.364349
2215,20.5,19.858837,,,
2215,,,20.725206,,
2215,,,,20.725206,
2215,,,,,20.385718
2220,20.5,19.812567,,,
2220,,,20.745629,,
2220,,,,20.745629,
2220,,,,,20.407032
2220.1,20.5,19.812567,,,
2220.1,,,,,20.407032
2225,20.5,19.835359,,,
2225,,,20.766,,
2225,,,,20.766,
2225,,,,,20.428289
2230,20.5,19.858115,,,
2230,,,20.786317,,
2230,,,,20.786317,
2230,,,,,20.449491
2235,20.5,19.880811,,,
2235,,,20.806581,,
2235,,,,20.806581,
2235,,,,,20.470638
2235.1,,,,,20.470638
2240,20.5,19.903447,,,
2240,,,20.826791,,
2240,,,,20.826791,
2240,,,,,20.491729
2245,20.5,19.926024,,,
2245,,,20.846949,,
2245,,,,20.846949,
2245,,,,,20.512764
2250,20.5,19.948542,,,
2250,,,20.867054,,
2250,,,,20.867054,
2250,,,,,20.533745
2250.1,20.5,19.948542,,,
2250.1,,,,,20.533745
2255,20.5,19.971001,,,
2255,,,20.818166,,
2255,,,,20.818166,
2255,,,,,20.55467
2260,20.5,19.993401,,,
2260,,,20.769382,,
2260,,,,20.769382,
2260,,,,,20.575541
2265,20.5,20.015743,,,
2265,,,20.720727,,
2265,,,,20.720727,
2265,,,,,20.596357
2265.1,,,,,20.596357
2270,20.5,20.038025,,,
2270,,,20.672199,,
2270,,,,20.672199,
2270,,,,,20.617119
2275,20.5,20.06025,,,
2275,,,20.623798,,
2275,,,,20.623798,
2275,,,,,20.637826
2280,20.5,20.082416,,,
2280,,,20.575524,,
2280,,,,20.575524,
2280,,,,,20.658479
2280.1,20.5,20.082416,,,
2280.1,,,,,20.658479
2285,20.5,20.104524,,,
2285,,,20.527376,,
2285,,,,20.527376,
2285,,,,,20.679078
2290,20.5,20.126575,,,
2290,,,20.479355,,
2290,,,,20.479355,
2290,,,,,20.699622
2295,20.5,20.148567,,,
2295,,,20.431459,,
2295,,,,20.431459,
2295,,,,,20.720113
2295.1,,,,,20.720113
2300,20.5,20.170502,,,
2300,,,20.383689,,
2300,,,,20.383689,
2300,,,,,20.740551
2305,20.5,20.192379,,,
2305,,,20.336044,,
2305,,,,20.336044,
2305,,,,,20.760934
2310,20.5,20.214199,,,
2310,,,20.288524,,
2310,,,,20.288524,
2310,,,,,20.781265
2310.1,20.5,20.214199,,,
2310.1,,,,,20.781265
2315,20.5,20.235962,,,
2315,,,20.241129,,
2315,,,,20.241129,
2315,,,,,20.801542
2320,20.5,20.257668,,,
2320,,,20.193857,,
2320,,,,20.193857,
2320,,,,,20.821766
2325,20.5,20.279317,,,
2325,,,20.14671,,
2325,,,,20.14671,
2325,,,,,20.841936
2325.1,,,,,20.841936
2330,20.5,20.300909,,,
2330,,,20.099686,,
2330,,,,20.099686,
2330,,,,,20.862055
2335,20.5,20.322445,,,
2335,,,20.052785,,
2335,,,,20.052785,
2335,,,,,20.88212
2340,20.5,20.343924,,,
2340,,,20.006007,,
2340,,,,20.006007,
2340,,,,,20.902133
2340.1,20.5,20.343924,,,
2340.1,,,,,20.902133
2345,20.5,20.365347,,,
2345,,,20.028293,,
2345,,,,20.028293,
2345,,,,,20.853152
2350,20.5,20.386714,,,
2350,,,20.050543,,
2350,,,,20.050543,
2350,,,,,20.804277
2355,20.5,20.408025,,,
2355,,,20.072734,,
2355,,,,20.072734,
2355,,,,,20.75553
2355.1,,,,,20.75553
2360,20.5,20.42928,,,
2360,,,20.094868,,
2360,,,,20.094868,
2360,,,,,20.706911
2365,20.5,20.450479,,,
2365,,,20.116943,,
2365,,,,20.116943,
2365,,,,,20.658419
2370,20.5,20.471623,,,
2370,,,20.138961,,
2370,,,,20.138961,
2370,,,,,20.610055
2370.1,20.5,20.471623,,,
2370.1,,,,,20.610055
2375,20.5,20.492711,,,
2375,,,20.160921,,
2375,,,,20.160921,
2375,,,,,20.561817
2380,20.5,20.513744,,,
2380,,,20.182824,,
2380,,,,20.182824,
2380,,,,,20.513705
2385,20.5,20.534722,,,
2385,,,20.204669,,
2385,,,,20.204669,
2385,,,,,20.465719
2385.1,,,,,20.465719
2390,20.5,20.555645,,,
2390,,,20.226456,,
2390,,,,20.226456,
2390,,,,,20.41786
2395,20.5,20.576513,,,
2395,,,20.248187,,
2395,,,,20.248187,
2395,,,,,20.370125
2400,20.5,20.597327,,,
2400,,,20.269861,,
2400,,,,20.269861,
2400,,,,,20.322516
2400.1,20.5,20.597327,,,
2400.1,,,,,20.322516
2405,20.5,20.618086,,,
2405,,,20.291478,,
2405,,,,20.291478,
2405,,,,,20.275031
2410,20.5,20.638791,,,
2410,,,20.313038,,
2410,,,,20.313038,
2410,,,,,20.227671
2415,20.5,20.659441,,,
2415,,,20.334542,,
2415,,,,20.334542,
2415,,,,,20.180435
2415.1,,,,,20.180435
2420,20.5,20.680037,,,
2420,,,20.35599,,
2420,,,,20.35599,
2420,,,,,20.133322
2425,20.5,20.700579,,,
2425,,,20.377381,,
2425,,,,20.377381,
2425,,,,,20.086334
2430,20.5,20.721068,,,
2430,,,20.398716,,
2430,,,,20.398716,
2430,,,,,20.039468
2430.1,20.5,20.721068,,,
2430.1,,,,,20.039468
2435,20.5,20.741503,,,
2435,,,20.419996,,
2435,,,,20.419996,
2435,,,,,20.061666
2440,20.5,20.761884,,,
2440,,,20.441219,,
2440,,,,20.441219,
2440,,,,,20.083828
2445,20.5,20.782212,,,
2445,,,20.462387,,
2445,,,,20.462387,
2445,,,,,20.105932
2445.1,,,,,20.105932
2450,20.5,20.802486,,,
2450,,,20.4835,,
2450,,,,20.4835,
2450,,,,,20.127979
2455,20.5,20.822708,,,
2455,,,20.504557,,
2455,,,,20.504557,
2455,,,,,20.149968
2460,20.5,20.842876,,,
2460,,,20.525559,,
2460,,,,20.525559,
2460,,,,,20.171899
2460.1,20.5,20.842876,,,
2460.1,,,,,20.171899
2465,20.5,20.862992,,,
2465,,,20.546506,,
2465,,,,20.546506,
2465,,,,,20.193773
2470,20.5,20.883055,,,
2470,,,20.567399,,
2470,,,,20.567399,
2470,,,,,20.215589
2475,20.5,20.903065,,,
2475,,,20.588236,,
2475,,,,20.588236,
2475,,,,,20.237348
2475.1,,,,,20.237348
2480,20.5,20.923023,,,
2480,,,20.609019,,
2480,,,,20.609019,
2480,,,,,20.25905
2485,20.5,20.942928,,,
2485,,,20.629747,,
2485,,,,20.629747,
2485,,,,,20.280696
2490,20.5,20.962782,,,
2490,,,20.650421,,
2490,,,,20.650421,
2490,,,,,20.302284
2490.1,20.5,20.962782,,,
2490.1,,,,,20.302284
2495,20.5,20.913643,,,
2495,,,20.671041,,
2495,,,,20.671041,
2495,,,,,20.323817
2500,20.5,20.864609,,,
2500,,,20.691607,,
2500,,,,20.691607,
2500,,,,,20.345292
2505,20.5,20.815704,,,
2505,,,20.712119,,
2505,,,,20.712119,
2505,,,,,20.366712
2505.1,,,,,20.366712
2510,20.5,20.766927,,,
2510,,,20.732577,,
2510,,,,20.732577,
2510,,,,,20.388075
2515,20.5,20.718278,,,
2515,,,20.752982,,
2515,,,,20.752982,
2515,,,,,20.409382
2520,20.5,20.669757,,,
2520,,,20.773333,,
2520,,,,20.773333,
2520,,,,,20.430633
2520.1,20.5,20.669757,,,
2520.1,,,,,20.430633
2525,20.5,20.621362,,,
2525,,,20.793631,,
2525,,,,20.793631,
2525,,,,,20.451829
2530,20.5,20.573094,,,
2530,,,20.813875,,
2530,,,,20.813875,
2530,,,,,20.472969
2535,20.5,20.524953,,,
2535,,,20.834067,,
2535,,,,20.834067,
2535,,,,,20.494054
2535.1,,,,,20.494054
2540,20.5,20.476938,,,
2540,,,20.854206,,
2540,,,,20.854206,
2540,,,,,20.515084
2545,20.5,20.429049,,,
2545,,,20.874291,,
2545,,,,20.874291,
2545,,,,,20.536058
2550,20.5,20.381285,,,
2550,,,20.894325,,
2550,,,,20.894325,
2550,,,,,20.556978
2550.1,20.5,20.381285,,,
2550.1,,,,,20.556978
2555,20.5,20.333647,,,
2555,,,20.845365,,
2555,,,,20.845365,
2555,,,,,20.577843
2560,20.5,20.286133,,,
2560,,,20.79651,,
2560,,,,20.79651,
2560,,,,,20.598653
2565,20.5,20.238743,,,
2565,,,20.747784,,
2565,,,,20.747784,
2565,,,,,20.619408
2565.1,,,,,20.619408
2570,20.5,20.191478,,,
2570,,,20.699185,,
2570,,,,20.699185,
2570,,,,,20.640109
2575,20.5,20.144337,,,
2575,,,20.650713,,
2575,,,,20.650713,
2575,,,,,20.660756
2580,20.5,20.097319,,,
2580,,,20.602369,,
2580,,,,20.602369,
2580,,,,,20.681349
2580.1,20.5,20.097319,,,
2580.1,,,,,20.681349
2585,20.5,20.050425,,,
2585,,,20.554151,,
2585,,,,20.554151,
2585,,,,,20.701888
2590,20.5,20.003653,,,
2590,,,20.506059,,
2590,,,,20.506059,
2590,,,,,20.722373
2595,20.5,19.957004,,,
2595,,,20.458094,,
2595,,,,20.458094,
2595,,,,,20.742804
2595.1,,,,,20.742804
2600,20.5,19.910477,,,
2600,,,20.410254,,
2600,,,,20.410254,
2600,,,,,20.763182
2605,20.5,19.864072,,,
2605,,,20.362539,,
2605,,,,20.362539,
2605,,,,,20.783506
2610,20.5,19.817789,,,
2610,,,20.31495,,
2610,,,,20.31495,
2610,,,,,20.803778
2610.1,20.5,19.817789,,,
2610.1,,,,,20.803778
2615,20.5,19.840567,,,
2615,,,20.267485,,
2615,,,,20.267485,
2615,,,,,20.823996
2620,20.5,19.863309,,,
2620,,,20.220145,,
2620,,,,20.220145,
2620,,,,,20.844161
2625,20.5,19.885991,,,
2625,,,20.172928,,
2625,,,,20.172928,
2625,,,,,20.864273
2625.1,,,,,20.864273
2630,20.5,19.908614,,,
2630,,,20.125835,,
2630,,,,20.125835,
2630,,,,,20.884332
2635,20.5,19.931178,,,
2635,,,20.078866,,
2635,,,,20.078866,
2635,,,,,20.904339
2640,20.5,19.953682,,,
2640,,,20.03202,,
2640,,,,20.03202,
2640,,,,,20.924294
2640.1,20.5,19.953682,,,
2640.1,,,,,20.924294
2645,20.5,19.976128,,,
2645,,,20.054237,,
2645,,,,20.054237,
2645,,,,,20.875256
2650,20.5,19.998514,,,
2650,,,20.076419,,
2650,,,,20.076419,
2650,,,,,20.826323
2655,20.5,20.020842,,,
2655,,,20.098543,,
2655,,,,20.098543,
2655,,,,,20.777518
2655.1,,,,,20.777518
2660,20.5,20.043112,,,
2660,,,20.120609,,
2660,,,,20.120609,
2660,,,,,20.728841
2665,20.5,20.065323,,,
2665,,,20.142617,,
2665,,,,20.142617,
2665,,,,,20.680292
2670,20.5,20.087476,,,
2670,,,20.164568,,
2670,,,,20.164568,
2670,,,,,20.63187
2670.1,20.5,20.087476,,,
2670.1,,,,,20.63187
2675,20.5,20.109571,,,
2675,,,20.18646,,
2675,,,,20.18646,
2675,,,,,20.583575
2680,20.5,20.131608,,,
2680,,,20.208296,,
2680,,,,20.208296,
2680,,,,,20.535406
2685,20.5,20.153587,,,
2685,,,20.230074,,
2685,,,,20.230074,
2685,,,,,20.487364
2685.1,,,,,20.487364
2690,20.5,20.175509,,,
2690,,,20.251796,,
2690,,,,20.251796,
2690,,,,,20.439447
2695,20.5,20.197373,,,
2695,,,20.27346,,
2695,,,,20.27346,
2695,,,,,20.391656
2700,20.5,20.21918,,,
2700,,,20.295067,,
2700,,,,20.295067,
2700,,,,,20.34399
2700.1,20.5,20.21918,,,
2700.1,,,,,20.34399
2705,20.5,20.24093,,,
2705,,,20.316618,,
2705,,,,20.316618,
2705,,,,,20.296449
2710,20.5,20.262623,,,
2710,,,20.338113,,
2710,,,,20.338113,
2710,,,,,20.249033
2715,20.5,20.284259,,,
2715,,,20.359551,,
2715,,,,20.359551,
2715,,,,,20.201741
2715.1,,,,,20.201741
2720,20.5,20.305838,,,
2720,,,20.380933,,
2720,,,,20.380933,
2720,,,,,20.154573
2725,20.5,20.327361,,,
2725,,,20.402259,,
2725,,,,20.402259,
2725,,,,,20.107528
2730,20.5,20.348827,,,
2730,,,20.423529,,
2730,,,,20.423529,
2730,,,,,20.060607
2730.1,20.5,20.348827,,,
2730.1,,,,,20.060607
2735,20.5,20.370237,,,
2735,,,20.444744,,
2735,,,,20.444744,
2735,,,,,20.013808
2740,20.5,20.391591,,,
2740,,,20.465902,,
2740,,,,20.465902,
2740,,,,,19.967133
2745,20.5,20.412889,,,
2745,,,20.487006,,
2745,,,,20.487006,
2745,,,,,19.920579
2745.1,,,,,19.920579
2750,20.5,20.434131,,,
2750,,,20.508054,,
2750,,,,20.508054,
2750,,,,,19.943089
2755,20.5,20.455318,,,
2755,,,20.529047,,
2755,,,,20.529047,
2755,,,,,19.965562
2760,20.5,20.476449,,,
2760,,,20.549985,,
2760,,,,20.549985,
2760,,,,,19.987976
2760.1,20.5,20.476449,,,
2760.1,,,,,19.987976
2765,20.5,20.497525,,,
2765,,,20.570868,,
2765,,,,20.570868,
2765,,,,,20.010332
2770,20.5,20.518545,,,
2770,,,20.591696,,
2770,,,,20.591696,
2770,,,,,20.032629
2775,20.5,20.539511,,,
2775,,,20.61247,,
2775,,,,20.61247,
2775,,,,,20.054867
2775.1,,,,,20.054867
2780,20.5,20.560421,,,
2780,,,20.633189,,
2780,,,,20.633189,
2780,,,,,20.077048
2785,20.5,20.581277,,,
2785,,,20.653854,,
2785,,,,20.653854,
2785,,,,,20.09917
2790,20.5,20.602078,,,
2790,,,20.674465,,
2790,,,,20.674465,
2790,,,,,20.121234
2790.1,20.5,20.602078,,,
2790.1,,,,,20.121234
2795,20.5,20.622824,,,
2795,,,20.695022,,
2795,,,,20.695022,
2795,,,,,20.143241
2800,20.5,20.643517,,,
2800,,,20.715525,,
2800,,,,20.715525,
2800,,,,,20.165189
2805,20.5,20.664155,,,
2805,,,20.735974,,
2805,,,,20.735974,
2805,,,,,20.187081
2805.1,,,,,20.187081
2810,20.5,20.684738,,,
2810,,,20.75637,,
2810,,,,20.75637,
2810,,,,,20.208915
2815,20.5,20.705268,,,
2815,,,20.776712,,
2815,,,,20.776712,
2815,,,,,20.230691
2820,20.5,20.725745,,,
2820,,,20.797001,,
2820,,,,20.797001,
2820,,,,,20.252411
2820.1,20.5,20.725745,,,
2820.1,,,,,20.252411
2825,20.5,20.746167,,,
2825,,,20.817237,,
2825,,,,20.817237,
2825,,,,,20.274074
2830,20.5,20.766536,,,
2830,,,20.83742,,
2830,,,,20.83742,
2830,,,,,20.29568
2835,20.5,20.786852,,,
2835,,,20.85755,,
2835,,,,20.85755,
2835,,,,,20.317229
2835.1,,,,,20.317229
2840,20.5,20.807114,,,
2840,,,20.877627,,
2840,,,,20.877627,
2840,,,,,20.338722
2845,20.5,20.827323,,,
2845,,,20.897651,,
2845,,,,20.897651,
2845,,,,,20.360159
2850,20.5,20.84748,,,
2850,,,20.917623,,
2850,,,,20.917623,
2850,,,,,20.381539
2850.1,20.5,20.84748,,,
2850.1,,,,,20.381539
2855,20.5,20.867583,,,
2855,,,20.868602,,
2855,,,,20.868602,
2855,,,,,20.402863
2860,20.5,20.887634,,,
2860,,,20.819687,,
2860,,,,20.819687,
2860,,,,,20.424132
2865,20.5,20.907632,,,
2865,,,20.7709,,
2865,,,,20.7709,
2865,,,,,20.445345
2865.1,,,,,20.445345
2870,20.5,20.927578,,,
2870,,,20.72224,,
2870,,,,20.72224,
2870,,,,,20.466502
2875,20.5,20.947472,,,
2875,,,20.673708,,
2875,,,,20.673708,
2875,,,,,20.487604
2880,20.5,20.967314,,,
2880,,,20.625303,,
2880,,,,20.625303,
2880,,,,,20.50865
2880.1,20.5,20.967314,,,
2880.1,,,,,20.50865
2885,20.5,20.918162,,,
2885,,,20.577025,,
2885,,,,20.577025,
2885,,,,,20.529642
2890,20.5,20.869117,,,
2890,,,20.528874,,
2890,,,,20.528874,
2890,,,,,20.550578
2895,20.5,20.8202,,,
2895,,,20.480848,,
2895,,,,20.480848,
2895,,,,,20.571459
2895.1,,,,,20.571459
2900,20.5,20.771412,,,
2900,,,20.432949,,
2900,,,,20.432949,
2900,,,,,20.592286
2905,20.5,20.722751,,,
2905,,,20.385175,,
2905,,,,20.385175,
2905,,,,,20.613058
2910,20.5,20.674217,,,
2910,,,20.337526,,
2910,,,,20.337526,
2910,,,,,20.633776
2910.1,20.5,20.674217,,,
2910.1,,,,,20.633776
2915,20.5,20.625811,,,
2915,,,20.290002,,
2915,,,,20.290002,
2915,,,,,20.65444
2920,20.5,20.577532,,,
2920,,,20.242603,,
2920,,,,20.242603,
2920,,,,,20.675049
2925,20.5,20.529379,,,
2925,,,20.195328,,
2925,,,,20.195328,
2925,,,,,20.695604
2925.1,,,,,20.695604
2930,20.5,20.481353,,,
2930,,,20.148176,,
2930,,,,20.148176,
2930,,,,,20.716106
2935,20.5,20.433452,,,
2935,,,20.101148,,
2935,,,,20.101148,
2935,,,,,20.736553
2940,20.5,20.385676,,,
2940,,,20.054244,,
2940,,,,20.054244,
2940,,,,,20.756948
2940.1,20.5,20.385676,,,
2940.1,,,,,20.756948
2945,20.5,20.338026,,,
2945,,,20.076403,,
2945,,,,20.076403,
2945,,,,,20.777288
2950,20.5,20.290501,,,
2950,,,20.098527,,
2950,,,,20.098527,
2950,,,,,20.797576
2955,20.5,20.2431,,,
2955,,,20.120593,,
2955,,,,20.120593,
2955,,,,,20.81781
2955.1,,,,,20.81781
2960,20.5,20.195824,,,
2960,,,20.142601,,
2960,,,,20.142601,
2960,,,,,20.837991
2965,20.5,20.148671,,,
2965,,,20.164551,,
2965,,,,20.164551,
2965,,,,,20.85812
2970,20.5,20.101642,,,
2970,,,20.186444,,
2970,,,,20.186444,
2970,,,,,20.878196
2970.1,20.5,20.101642,,,
2970.1,,,,,20.878196
2975,20.5,20.054736,,,
2975,,,20.20828,,
2975,,,,20.20828,
2975,,,,,20.829278
2980,20.5,20.007953,,,
2980,,,20.230058,,
2980,,,,20.230058,
2980,,,,,20.780465
2985,20.5,19.961293,,,
2985,,,20.25178,,
2985,,,,20.25178,
2985,,,,,20.731781
2985.1,,,,,20.731781
2990,20.5,19.914755,,,
2990,,,20.273444,,
2990,,,,20.273444,
2990,,,,,20.683224
2995,20.5,19.868338,,,
2995,,,20.295052,,
2995,,,,20.295052,
2995,,,,,20.634794
3000,20.5,19.822044,,,
3000,,,20.316603,,
3000,,,,20.316603,
3000,,,,,20.586491
3000.1,20.5,19.822044,,,
3000.1,,,,,20.586491
3005,20.5,19.844811,,,
3005,,,20.338097,,
3005,,,,20.338097,
3005,,,,,20.538315
3010,20.5,19.867542,,,
3010,,,20.359535,,
3010,,,,20.359535,
3010,,,,,20.490265
3015,20.5,19.890213,,,
3015,,,20.380917,,
3015,,,,20.380917,
3015,,,,,20.442341
3015.1,,,,,20.442341
3020,20.5,19.912825,,,
3020,,,20.402243,,
3020,,,,20.402243,
3020,,,,,20.394542
3025,20.5,19.935377,,,
3025,,,20.423514,,
3025,,,,20.423514,
3025,,,,,20.346869
3030,20.5,19.957871,,,
3030,,,20.444728,,
3030,,,,20.444728,
3030,,,,,20.29932
3030.1,20.5,19.957871,,,
3030.1,,,,,20.29932
3035,20.5,19.980305,,,
3035,,,20.465887,,
3035,,,,20.465887,
3035,,,,,20.251897
3040,20.5,20.002681,,,
3040,,,20.48699,,
3040,,,,20.48699,
3040,,,,,20.204597
3045,20.5,20.024998,,,
3045,,,20.508038,,
3045,,,,20.508038,
3045,,,,,20.157421
3045.1,,,,,20.157421
3050,20.5,20.047257,,,
3050,,,20.529031,,
3050,,,,20.529031,
3050,,,,,20.110369
3055,20.5,20.069457,,,
3055,,,20.549969,,
3055,,,,20.549969,
3055,,,,,20.063441
3060,20.5,20.091599,,,
3060,,,20.570852,,
3060,,,,20.570852,
3060,,,,,20.016635
3060.1,20.5,20.091599,,,
3060.1,,,,,20.016635
3065,20.5,20.113683,,,
3065,,,20.591681,,
3065,,,,20.591681,
3065,,,,,20.038892
3070,20.5,20.13571,,,
3070,,,20.612454,,
3070,,,,20.612454,
3070,,,,,20.061115
3075,20.5,20.157678,,,
3075,,,20.633174,,
3075,,,,20.633174,
3075,,,,,20.083279
3075.1,,,,,20.083279
3080,20.5,20.179589,,,
3080,,,20.653839,,
3080,,,,20.653839,
3080,,,,,20.105384
3085,20.5,20.201443,,,
3085,,,20.67445,,
3085,,,,20.67445,
3085,,,,,20.127432
3090,20.5,20.223239,,,
3090,,,20.695007,,
3090,,,,20.695007,
3090,,,,,20.149423
3090.1,20.5,20.223239,,,
3090.1,,,,,20.149423
3095,20.5,20.244978,,,
3095,,,20.71551,,
3095,,,,20.71551,
3095,,,,,20.171355
3100,20.5,20.26666,,,
3100,,,20.735959,,
3100,,,,20.735959,
3100,,,,,20.19323
3105,20.5,20.288286,,,
3105,,,20.756355,,
3105,,,,20.756355,
3105,,,,,20.215048
3105.1,,,,,20.215048
3110,20.5,20.309854,,,
3110,,,20.776697,,
3110,,,,20.776697,
3110,,,,,20.236809
3115,20.5,20.331367,,,
3115,,,20.796986,,
3115,,,,20.796986,
3115,,,,,20.258512
3120,20.5,20.352822,,,
3120,,,20.817222,,
3120,,,,20.817222,
3120,,,,,20.280159
3120.1,20.5,20.352822,,,
3120.1,,,,,20.280159
3125,20.5,20.374222,,,
3125,,,20.837405,,
3125,,,,20.837405,
3125,,,,,20.301749
3130,20.5,20.395566,,,
3130,,,20.857535,,
3130,,,,20.857535,
3130,,,,,20.323283
3135,20.5,20.416853,,,
3135,,,20.877612,,
3135,,,,20.877612,
3135,,,,,20.34476
3135.1,,,,,20.34476
3140,20.5,20.438085,,,
3140,,,20.897636,,
3140,,,,20.897636,
3140,,,,,20.36618
3145,20.5,20.459261,,,
3145,,,20.917609,,
3145,,,,20.917609,
3145,,,,,20.387545
3150,20.5,20.480382,,,
3150,,,20.937528,,
3150,,,,20.937528,
3150,,,,,20.408854
3150.1,20.5,20.480382,,,
3150.1,,,,,20.408854
3155,20.5,20.501448,,,
3155,,,20.888455,,
3155,,,,20.888455,
3155,,,,,20.430107
3160,20.5,20.522458,,,
3160,,,20.839488,,
3160,,,,20.839488,
3160,,,,,20.451304
3165,20.5,20.543413,,,
3165,,,20.790649,,
3165,,,,20.790649,
3165,,,,,20.472445
3165.1,,,,,20.472445
3170,20.5,20.564313,,,
3170,,,20.741937,,
3170,,,,20.741937,
3170,,,,,20.493532
3175,20.5,20.585159,,,
3175,,,20.693354,,
3175,,,,20.693354,
3175,,,,,20.514562
3180,20.5,20.60595,,,
3180,,,20.644897,,
3180,,,,20.644897,
3180,,,,,20.535538
3180.1,20.5,20.60595,,,
3180.1,,,,,20.535538
3185,20.5,20.626686,,,
3185,,,20.596568,,
3185,,,,20.596568,
3185,,,,,20.556459
3190,20.5,20.647368,,,
3190,,,20.548365,,
3190,,,,20.548365,
3190,,,,,20.577325
3195,20.5,20.667996,,,
3195,,,20.500289,,
3195,,,,20.500289,
3195,,,,,20.598137
3195.1,,,,,20.598137
3200,20.5,20.68857,,,
3200,,,20.452339,,
3200,,,,20.452339,
3200,,,,,20.618894
3205,20.5,20.70909,,,
3205,,,20.404514,,
3205,,,,20.404514,
3205,,,,,20.639596
3210,20.5,20.729556,,,
3210,,,20.356814,,
3210,,,,20.356814,
3210,,,,,20.660244
3210.1,20.5,20.729556,,,
3210.1,,,,,20.660244
3215,20.5,20.749968,,,
3215,,,20.30924,,
3215,,,,20.30924,
3215,,,,,20.680838
3220,20.5,20.770327,,,
3220,,,20.26179,,
3220,,,,20.26179,
3220,,,,,20.701379
3225,20.5,20.790633,,,
3225,,,20.214465,,
3225,,,,20.214465,
3225,,,,,20.721865
3225.1,,,,,20.721865
3230,20.5,20.810886,,,
3230,,,20.167263,,
3230,,,,20.167263,
3230,,,,,20.742298
3235,20.5,20.831085,,,
3235,,,20.120185,,
3235,,,,20.120185,
3235,,,,,20.762677
3240,20.5,20.851231,,,
3240,,,20.073231,,
3240,,,,20.073231,
3240,,,,,20.783002
3240.1,20.5,20.851231,,,
3240.1,,,,,20.783002
3245,20.5,20.871325,,,
3245,,,20.09534,,
3245,,,,20.09534,
3245,,,,,20.803275
3250,20.5,20.891366,,,
3250,,,20.117414,,
3250,,,,20.117414,
3250,,,,,20.823494
3255,20.5,20.911355,,,
3255,,,20.139431,,
3255,,,,20.139431,
3255,,,,,20.843661
3255.1,,,,,20.843661
3260,20.5,20.931291,,,
3260,,,20.16139,,
3260,,,,20.16139,
3260,,,,,20.863774
3265,20.5,20.951175,,,
3265,,,20.183291,,
3265,,,,20.183291,
3265,,,,,20.883835
3270,20.5,20.971007,,,
3270,,,20.205135,,
3270,,,,20.205135,
3270,,,,,20.903843
3270.1,20.5,20.971007,,,
3270.1,,,,,20.903843
3275,20.5,20.921846,,,
3275,,,20.226921,,
3275,,,,20.226921,
3275,,,,,20.854859
3280,20.5,20.872791,,,
3280,,,20.248651,,
3280,,,,20.248651,
3280,,,,,20.805979
3285,20.5,20.823864,,,
3285,,,20.270323,,
3285,,,,20.270323,
3285,,,,,20.757228
3285.1,,,,,20.757228
3290,20.5,20.775066,,,
3290,,,20.291939,,
3290,,,,20.291939,
3290,,,,,20.708604
3295,20.5,20.726396,,,
3295,,,20.313498,,
3295,,,,20.313498,
3295,,,,,20.660108
3300,20.5,20.677853,,,
3300,,,20.335001,,
3300,,,,20.335001,
3300,,,,,20.611739
3300.1,20.5,20.677853,,,
3300.1,,,,,20.611739
3305,20.5,20.629437,,,
3305,,,20.356447,,
3305,,,,20.356447,
3305,,,,,20.563496
3310,20.5,20.581148,,,
3310,,,20.377837,,
3310,,,,20.377837,
3310,,,,,20.51538
3315,20.5,20.532986,,,
3315,,,20.399172,,
3315,,,,20.399172,
3315,,,,,20.46739
3315.1,,,,,20.46739
3320,20.5,20.48495,,,
3320,,,20.42045,,
3320,,,,20.42045,
3320,,,,,20.419526
3325,20.5,20.43704,,,
3325,,,20.441672,,
3325,,,,20.441672,
3325,,,,,20.371787
3330,20.5,20.389255,,,
3330,,,20.462839,,
3330,,,,20.462839,
3330,,,,,20.324173
3330.1,20.5,20.389255,,,
3330.1,,,,,20.324173
3335,20.5,20.341596,,,
3335,,,20.48395,,
3335,,,,20.48395,
3335,,,,,20.276684
3340,20.5,20.294061,,,
3340,,,20.505006,,
3340,,,,20.505006,
3340,,,,,20.22932
3345,20.5,20.246651,,,
3345,,,20.526007,,
3345,,,,20.526007,
3345,,,,,20.182079
3345.1,,,,,20.182079
3350,20.5,20.199365,,,
3350,,,20.546953,,
3350,,,,20.546953,
3350,,,,,20.134963
3355,20.5,20.152203,,,
3355,,,20.567844,,
3355,,,,20.567844,
3355,,,,,20.08797
3360,20.5,20.105165,,,
3360,,,20.58868,,
3360,,,,20.58868,
3360,,,,,20.0411
3360.1,20.5,20.105165,,,
3360.1,,,,,20.0411
3365,20.5,20.05825,,,
3365,,,20.609462,,
3365,,,,20.609462,
3365,,,,,20.063293
3370,20.5,20.011457,,,
3370,,,20.630189,,
3370,,,,20.630189,
3370,,,,,20.085451
3375,20.5,19.964788,,,
3375,,,20.650862,,
3375,,,,20.650862,
3375,,,,,20.107551
3375.1,,,,,20.107551
3380,20.5,19.918241,,,
3380,,,20.671481,,
3380,,,,20.671481,
3380,,,,,20.129594
3385,20.5,19.871815,,,
3385,,,20.692046,,
3385,,,,20.692046,
3385,,,,,20.151578
3390,20.5,19.825512,,,
3390,,,20.712556,,
3390,,,,20.712556,
3390,,,,,20.173505
3390.1,20.5,19.825512,,,
3390.1,,,,,20.173505
3395,20.5,19.84827,,,
3395,,,20.733013,,
3395,,,,20.733013,
3395,,,,,20.195375
3400,20.5,19.870992,,,
3400,,,20.753417,,
3400,,,,20.753417,
3400,,,,,20.217187
3405,20.5,19.893654,,,
3405,,,20.773767,,
3405,,,,20.773767,
3405,,,,,20.238942
3405.1,,,,,20.238942
3410,20.5,19.916256,,,
3410,,,20.794064,,
3410,,,,20.794064,
3410,,,,,20.26064
3415,20.5,19.9388,,,
3415,,,20.814307,,
3415,,,,20.814307,
3415,,,,,20.282281
3420,20.5,19.961284,,,
3420,,,20.834498,,
3420,,,,20.834498,
3420,,,,,20.303866
3420.1,20.5,19.961284,,,
3420.1,,,,,20.303866
3425,20.5,19.98371,,,
3425,,,20.785694,,
3425,,,,20.785694,
3425,,,,,20.325394
3430,20.5,20.006077,,,
3430,,,20.736996,,
3430,,,,20.736996,
3430,,,,,20.346865
3435,20.5,20.028385,,,
3435,,,20.688426,,
3435,,,,20.688426,
3435,,,,,20.36828
3435.1,,,,,20.36828
3440,20.5,20.050635,,,
3440,,,20.639982,,
3440,,,,20.639982,
3440,,,,,20.389639
3445,20.5,20.072826,,,
3445,,,20.591666,,
3445,,,,20.591666,
3445,,,,,20.410943
3450,20.5,20.094959,,,
3450,,,20.543476,,
3450,,,,20.543476,
3450,,,,,20.43219
3450.1,20.5,20.094959,,,
3450.1,,,,,20.43219
3455,20.5,20.117035,,,
3455,,,20.495412,,
3455,,,,20.495412,
3455,,,,,20.453382
3460,20.5,20.139052,,,
3460,,,20.447475,,
3460,,,,20.447475,
3460,,,,,20.474518
3465,20.5,20.161012,,,
3465,,,20.399663,,
3465,,,,20.399663,
3465,,,,,20.495599
3465.1,,,,,20.495599
3470,20.5,20.182914,,,
3470,,,20.351976,,
3470,,,,20.351976,
3470,,,,,20.516624
3475,20.5,20.204759,,,
3475,,,20.304414,,
3475,,,,20.304414,
3475,,,,,20.537595
3480,20.5,20.226547,,,
3480,,,20.256977,,
3480,,,,20.256977,
3480,,,,,20.55851
3480.1,20.5,20.226547,,,
3480.1,,,,,20.55851
3485,20.5,20.248277,,,
3485,,,20.209664,,
3485,,,,20.209664,
3485,,,,,20.579371
3490,20.5,20.269951,,,
3490,,,20.162475,,
3490,,,,20.162475,
3490,,,,,20.600177
3495,20.5,20.291567,,,
3495,,,20.11541,,
3495,,,,20.11541,
3495,,,,,20.620928
3495.1,,,,,20.620928
3500,20.5,20.313128,,,
3500,,,20.068468,,
3500,,,,20.068468,
3500,,,,,20.641626
3505,20.5,20.334631,,,
3505,,,20.021649,,
3505,,,,20.021649,
3505,,,,,20.662268
3510,20.5,20.356079,,,
3510,,,19.974953,,
3510,,,,19.974953,
3510,,,,,20.682857
3510.1,20.5,20.356079,,,
3510.1,,,,,20.682857
3515,20.5,20.37747,,,
3515,,,19.997319,,
3515,,,,19.997319,
3515,,,,,20.703392
3520,20.5,20.398805,,,
3520,,,20.01965,,
3520,,,,20.01965,
3520,,,,,20.723873
3525,20.5,20.420084,,,
3525,,,20.041923,,
3525,,,,20.041923,
3525,,,,,20.744301
3525.1,,,,,20.744301
3530,20.5,20.441307,,,
3530,,,20.064137,,
3530,,,,20.064137,
3530,,,,,20.764675
3535,20.5,20.462475,,,
3535,,,20.086293,,
3535,,,,20.086293,
3535,,,,,20.784995
3540,20.5,20.483587,,,
3540,,,20.108391,,
3540,,,,20.108391,
3540,,,,,20.805262
3540.1,20.5,20.483587,,,
3540.1,,,,,20.805262
3545,20.5,20.504644,,,
3545,,,20.130431,,
3545,,,,20.130431,
3545,,,,,20.825476
3550,20.5,20.525646,,,
3550,,,20.152414,,
3550,,,,20.152414,
3550,,,,,20.845638
3555,20.5,20.546593,,,
3555,,,20.174339,,
3555,,,,20.174339,
3555,,,,,20.865746
3555.1,,,,,20.865746
3560,20.5,20.567485,,,
3560,,,20.196206,,
3560,,,,20.196206,
3560,,,,,20.885802
3565,20.5,20.588322,,,
3565,,,20.218016,,
3565,,,,20.218016,
3565,,,,,20.905805
3570,20.5,20.609105,,,
3570,,,20.239769,,
3570,,,,20.239769,
3570,,,,,20.925756
3570.1,20.5,20.609105,,,
3570.1,,,,,20.925756
3575,20.5,20.629833,,,
3575,,,20.261465,,
3575,,,,20.261465,
3575,,,,,20.876713
3580,20.5,20.650507,,,
3580,,,20.283104,,
3580,,,,20.283104,
3580,,,,,20.827777
3585,20.5,20.671126,,,
3585,,,20.304686,,
3585,,,,20.304686,
3585,,,,,20.778968
3585.1,,,,,20.778968
3590,20.5,20.691692,,,
3590,,,20.326212,,
3590,,,,20.326212,
3590,,,,,20.730287
3595,20.5,20.712204,,,
3595,,,20.347681,,
3595,,,,20.347681,
3595,,,,,20.681734
3600,20.5,20.732662,,,
3600,,,20.369094,,
3600,,,,20.369094,
3600,,,,,20.633308
